Observation Number,dist_cod,county,district,gr_span,enrl_tot,teachers,calw_pct,meal_pct,computer,testscr,comp_stu,expn_stu,str,avginc,el_pct,read_scr,math_scr
1,75119,Alameda,Sunol Glen Unified,KK-08,195,10.8999996185,0.5102000237,2.0408000946,67,690.799987793,0.3435897529,6384.9111328125,17.8899097443,22.6900005341,0,691.5999755859,690
2,61499,Butte,Manzanita Elementary,KK-08,240,11.1499996185,15.4167003632,47.9166984558,101,661.200012207,0.4208333194,5099.380859375,21.5246639252,9.8240003586,4.5833334923,660.5,661.9000244141
3,61549,Butte,Thermalito Union Elementary,KK-08,1550,82.9000015259,55.0322990417,76.3226013184,169,643.5999755859,0.1090322584,5501.9545898438,18.6972255707,8.9779996872,30.0000019073,636.299987793,650.9000244141
4,61457,Butte,Golden Feather Union Elementary,KK-08,243,14,36.4753990173,77.0492019653,85,647.700012207,0.3497942388,7101.8310546875,17.3571434021,8.9779996872,0,651.9000244141,643.5
5,61523,Butte,Palermo Union Elementary,KK-08,1335,71.5,33.1086006165,78.4270019531,171,640.8499755859,0.1280898899,5235.9877929688,18.6713294983,9.080332756,13.8576774597,641.799987793,639.9000244141
6,62042,Fresno,Burrel Union Elementary,KK-08,137,6.4000000954,12.3187999725,86.9564971924,25,605.5500488281,0.1824817508,5580.1469726563,21.40625,10.4149999619,12.4087591171,605.700012207,605.4000244141
7,68536,San Joaquin,Holt Union Elementary,KK-08,195,10,12.9032001495,94.6237030029,28,606.75,0.1435897499,5253.3310546875,19.5,6.5770001411,68.7179489136,604.5,609
8,63834,Kern,Vineland Elementary,KK-08,888,42.5,18.8062992096,100,66,609,0.0743243247,4565.74609375,20.8941173553,8.1739997864,46.9594612122,605.5,612.5
9,62331,Fresno,Orange Center Elementary,KK-08,379,19,32.1899986267,93.1398010254,35,612.5,0.092348285,5355.5483398438,19.9473686218,7.3850002289,30.0791568756,608.9000244141,616.0999755859
10,67306,Sacramento,Del Paso Heights Elementary,KK-06,2247,108,78.9942016602,87.3163986206,0,612.6500244141,0,5036.2114257813,20.8055553436,11.6133327484,40.2759208679,611.9000244141,613.4000244141
11,65722,Merced,Le Grand Union Elementary,KK-08,446,21,18.6098995209,85.8743972778,86,615.75,0.1928251088,4547.6923828125,21.2380943298,8.9309997559,52.9147987366,612.799987793,618.700012207
12,62174,Fresno,West Fresno Elementary,KK-08,987,47,71.7130966187,98.6055984497,56,616.299987793,0.0567375869,5447.3452148438,21,7.3850002289,54.6099319458,616.5999755859,616
13,71795,Tulare,Allensworth Elementary,KK-08,103,5,22.4298992157,98.1307983398,25,616.299987793,0.2427184433,6567.1494140625,20.6000003815,5.3350000381,42.7184448242,612.799987793,619.799987793
14,72181,Tulare,Sunnyside Union Elementary,KK-08,487,24.3400001526,24.6093997955,77.148399353,0,616.299987793,0,4818.6127929688,20.0082168579,8.2790002823,20.5338802338,610,622.5999755859
15,72298,Tulare,Woodville Elementary,KK-08,649,36,14.6379003525,76.2712020874,31,616.450012207,0.0477657951,5621.4560546875,18.0277786255,9.6300001144,80.123260498,611.9000244141,621
16,72041,Tulare,Pixley Union Elementary,KK-08,852,42.0699996948,24.2141990662,94.2957000732,80,617.3499755859,0.0938967168,6026.3598632813,20.2519607544,7.4539999962,49.413143158,614.799987793,619.9000244141
17,63594,Kern,Lost Hills Union Elementary,KK-08,491,28.9200000763,11.2016000748,97.7596969604,100,618.0500488281,0.2036659867,6723.2377929688,16.9778690338,6.2160000801,85.5397186279,611.700012207,624.4000244141
18,63370,Kern,Buttonwillow Union Elementary,KK-08,421,25.5,8.5510997772,77.9096984863,50,618.3000488281,0.1187648475,5589.8852539063,16.509803772,7.763999939,58.9073638916,614.9000244141,621.700012207
19,64709,Los Angeles,Lennox Elementary,KK-08,6880,303.0299987793,21.2824001312,94.9711990356,960,619.799987793,0.1395348907,5064.6157226563,22.7040233612,7.021999836,77.0058135986,619.0999755859,620.5
20,63560,Kern,Lamont Elementary,KK-08,2688,135,23.4375,93.2292022705,139,620.299987793,0.0517113097,5433.5932617188,19.9111118317,5.6989998817,49.8139877319,621.299987793,619.299987793
21,63230,Imperial,Westmorland Union Elementary,KK-08,440,24,34.7727012634,100,69,620.5,0.1568181813,5725.5634765625,18.3333339691,7.9409999847,40.6818199158,615.5999755859,625.4000244141
22,72058,Tulare,Pleasant View Elementary,KK-08,475,21,21.6494998932,91.5464019775,53,621.4000244141,0.1115789488,4542.1049804688,22.6190471649,9.6300001144,16.2105255127,619.9000244141,622.9000244141
23,63842,Kern,Wasco Union Elementary,KK-08,2538,130.5,18.9111003876,70.8167037964,169,621.75,0.0665878654,5107.0864257813,19.4482765198,7.4050002098,45.0748634338,622.9000244141,620.5999755859
24,71811,Tulare,Alta Vista Elementary,KK-08,476,19,43.8558998108,100,0,622.0500488281,0,4659.6616210938,25.0526313782,9.6300001144,39.075630188,620.700012207,623.4000244141
25,65748,Merced,Livingston Union Elementary,KK-08,2357,114,16.8010005951,90.6237030029,216,622.5999755859,0.0916419178,4555.4643554688,20.6754379272,8.0190000534,76.6652526855,619.5,625.700012207
26,72272,Tulare,Woodlake Union Elementary,KK-08,1588,85,22.4071998596,85.1472015381,198,623.0999755859,0.1246851385,5415.1528320313,18.682352066,8.5229997635,40.4911842346,625,621.200012207
27,65961,Monterey,Alisal Union Elementary,KK-06,7306,319.799987793,17.001499176,88.0348968506,742,623.200012207,0.1015603617,4997.8715820313,22.8455295563,7.9831814766,73.7202301025,620.4000244141,626
28,63313,Kern,Arvin Union Elementary,KK-08,2601,135,15.071100235,92.1952972412,269,623.450012207,0.1034217626,5223.912109375,19.2666664124,7.3049998283,70.0115356445,616.5,630.4000244141
29,72199,Tulare,Terra Bella Union Elementary,KK-08,847,44,16.2928009033,90.2006988525,67,623.5999755859,0.0791027173,5139.1645507813,19.25,8.9340000153,55.9622154236,620.0999755859,627.0999755859
30,72215,Tulare,Tipton Elementary,KK-08,452,22,14.4989004135,81.0234985352,55,624.1500244141,0.1216814145,4614.251953125,20.5454540253,8.5539999008,11.0619468689,627.9000244141,620.4000244141
31,68379,San Diego,San Ysidro Elementary,KK-08,4142,201,35.5625,81.5065002441,569,624.5500488281,0.1373732537,5342.2333984375,20.6069660187,6.6129999161,80.4200897217,620.4000244141,628.700012207
32,75440,Monterey,Soledad Unified,KK-08,2102,99.75,15.319899559,90.2848968506,224,624.950012207,0.1065651774,5347.4584960938,21.072681427,12.4090003967,63.130355835,623,626.9000244141
33,64816,Los Angeles,Mountain View Elementary,KK-08,10012,464.8999938965,29.7639007568,91.5933990479,721,625.299987793,0.0720135868,5036.458984375,21.5358142853,8.1266155243,65.1218566895,620.799987793,629.799987793
34,66050,Monterey,King City Union Elementary,KK-08,2488,125,12.6920003891,55.0929985046,202,625.8499755859,0.0811897069,5117.1416015625,19.9039993286,11.4309997559,53.4164009094,626.0999755859,625.5999755859
35,67819,San Bernardino,Ontario-Montclair Elementary,KK-08,25151,1186.6999511719,17.4426002502,80.195602417,1713,626.0999755859,0.0681086257,5117.0395507813,21.1940689087,11.7222251892,49.8230705261,625.4000244141,626.799987793
36,64758,Los Angeles,Los Nietos Elementary,KK-08,2267,103.6800003052,19.1516990662,84.4337997437,177,626.8000488281,0.07807675,5272.1918945313,21.865354538,11.3325004578,35.4653701782,625.4000244141,628.200012207
37,65870,Merced,Winton Elementary,KK-08,1657,90.4000015259,28.8472995758,84.7313995361,204,626.9000244141,0.1231140643,5225.7192382813,18.3296451569,9.5979995728,56.1255264282,623.5999755859,630.200012207
38,62380,Fresno,Raisin City Elementary,KK-08,284,17.5,14.5270004272,94.9324035645,18,627.0999755859,0.0633802786,6516.533203125,16.2285709381,14.5579996109,32.394367218,628.9000244141,625.299987793
39,68999,San Mateo,Ravenswood City Elementary,KK-08,5370,280,19.5716991425,81.1173019409,562,627.25,0.1046554968,4559.1767578125,19.178571701,22.0599994659,65.5121002197,624.4000244141,630.0999755859
40,63578,Kern,Richland-Lerdo Union Elementary,KK-08,2471,121.8600006104,23.795999527,87.7781982422,275,627.299987793,0.1112909764,5119.158203125,20.2773666382,9.7089996338,53.0554428101,627.5,627.0999755859
41,72538,Ventura,Oxnard Elementary,KK-08,15386,669.3599853516,12.5064001083,71.4330978394,1762,628.25,0.114519693,5338.185546875,22.9861373901,11.4829444885,49.6425323486,627.799987793,628.700012207
42,65680,Merced,El Nido Elementary,KK-08,184,9,22.2826004028,85.8695983887,40,628.4000244141,0.2173912972,5090.044921875,20.4444446564,8.1780004501,45.1086959839,621.5999755859,635.200012207
43,63461,Kern,Fairfax Elementary,KK-08,1217,61.4000015259,33.908000946,88.095199585,78,628.5500488281,0.0640920326,5485.49609375,19.8208465576,8.1739997864,30.3204593658,629.4000244141,627.700012207
44,63404,Kern,Delano Union Elementary,KK-08,6219,268,21.4986000061,100,571,628.6500244141,0.0918154046,4793.3701171875,23.2052230835,7.5,52.2431259155,621.0999755859,636.200012207
45,67199,Riverside,Perris Elementary,KK-06,4258,221,24.6595001221,92.7431030273,324,628.75,0.0760920644,5092.9174804688,19.2669677734,10.0504999161,36.8013153076,626.5,631
46,65078,Los Angeles,Valle Lindo Elementary,KK-08,1235,53,8.2182998657,62.1301994324,175,629.8000488281,0.1417004019,4359.5209960938,23.3018875122,7.3319997787,30.2833995819,630.200012207,629.4000244141
47,69369,Santa Clara,Alum Rock Union Elementary,KK-08,16244,766.6500244141,17.4531002045,69.7398986816,1423,630.3499755859,0.0876015723,5645.4956054688,21.1882858276,12.581577301,49.864566803,629.5,631.200012207
48,63438,Kern,Edison Elementary,KK-08,814,39,19.7789001465,67.4447021484,85,630.4000244141,0.1044226065,4518.0161132813,20.8717956543,15.1770000458,13.7592134476,631.9000244141,628.9000244141
49,63321,Kern,Bakersfield City Elementary,KK-08,27176,1429,39.2183990479,84.2949981689,3324,630.549987793,0.1223138049,5864.3662109375,19.0174942017,12.1091279984,28.8637046814,631.5999755859,629.5
50,69450,Santa Clara,Franklin-McKinley Elementary,KK-08,10696,487.9700012207,22.1578006744,70.8956985474,1306,630.549987793,0.1221017167,5257.9965820313,21.919380188,11.7849998474,52.8047866821,628.5,632.5999755859
51,64592,Los Angeles,Hawthorne Elementary,KK-08,8935,444.5,36.945098877,79.5120010376,786,631.0500488281,0.0879686624,5016.6923828125,20.1012382507,14.0620002747,44.0850601196,628.4000244141,633.700012207
52,65193,Madera,Chowchilla Elementary,KK-08,1600,74.5,27.2614002228,79.7255020142,242,631.4000244141,0.1512500048,4720.0864257813,21.4765110016,10.4720001221,35.25,635.700012207,627.0999755859
53,66142,Monterey,Salinas City Elementary,KK-06,9028,449.9200134277,13.9884996414,69.9424972534,669,631.8499755859,0.0741027892,5470.5625,20.065788269,13.4051170349,37.4944610596,633,630.700012207
54,69120,Santa Barbara,Santa Maria-Bonita Elementary,KK-08,10625,521.4699707031,7.4974999428,77.5255966187,896,631.9000244141,0.0843294114,5615.4418945313,20.3750953674,12.3017997742,50.3905906677,629.5999755859,634.200012207
55,65110,Los Angeles,Whittier City Elementary,KK-08,7151,318.5799865723,18.5480995178,61.7382011414,560,631.950012207,0.0783107281,5245.4399414063,22.4464817047,15.4040708542,31.0725784302,634.200012207,629.700012207
56,64477,Los Angeles,Eastside Union Elementary,KK-08,2404,105,20.927400589,52.9435005188,202,632,0.0840266198,4838.1752929688,22.8952388763,13.7620000839,18.2612323761,633.5,630.5
57,64691,Los Angeles,Lawndale Elementary,KK-08,5804,283.1499938965,28.3425006866,81.1165008545,480,632.200012207,0.0827015862,5367.98828125,20.4979705811,14.1840000153,34.7002067566,631.4000244141,633
58,67421,Sacramento,Robla Elementary,KK-06,2253,112.6500015259,43.4976005554,84.5539016724,196,632.25,0.0869951174,5526.2368164063,20,8.8649997711,33.2889480591,637.5,627
59,66191,Monterey,Santa Rita Union Elementary,KK-08,2807,126.1200027466,15.4595003128,52.3964004517,152,632.4499511719,0.0541503392,4353.01953125,22.2565803528,12.9969997406,33.4877090454,637.299987793,627.5999755859
60,72561,Ventura,Rio Elementary,KK-08,3074,142.5500030518,11.2897996902,66.1949005127,249,632.8499755859,0.0810019523,5034.2900390625,21.5643634796,11.5920000076,38.1587524414,633.200012207,632.5
61,72157,Tulare,Strathmore Union Elementary,KK-08,723,37.1199989319,25.9211006165,83.1578979492,45,632.950012207,0.0622406639,4692.4936523438,19.4773712158,8.2790002823,36.9294624329,629.200012207,636.700012207
62,67397,Sacramento,North Sacramento Elementary,KK-06,5138,290.7749938965,58.7522010803,84.9990005493,560,633.049987793,0.1089918241,5606.7817382813,17.6700210571,10.9056425095,32.989490509,630.299987793,635.799987793
63,66423,Orange,Anaheim Elementary,KK-06,20927,953.5,10.9113998413,82.3926010132,1048,633.1500244141,0.0500788465,4969.1806640625,21.947561264,13.4006252289,58.2166557312,629.5999755859,636.700012207
64,63974,Kings,Lemoore Union Elementary,KK-08,3017,138.5,14.9767999649,56.0635986328,496,633.6500244141,0.1644017249,4675.6748046875,21.7833938599,11.0810003281,17.0036468506,634.4000244141,632.9000244141
65,63875,Kings,Armona Union Elementary,KK-08,957,50,27.1681995392,82.1316986084,149,633.9000244141,0.155694887,5306.1328125,19.1399993896,9.0819997787,17.6593532562,634.700012207,633.0999755859
66,63339,Kern,Beardsley Elementary,KK-08,1639,90.5,46.8881988525,80.6042022705,287,634,0.1751067787,5693.8833007813,18.110496521,13.3900003433,7.3215374947,638.4000244141,629.5999755859
67,65037,Los Angeles,South Whittier Elementary,KK-08,4340,209.8399963379,17.7026004791,93.9226989746,284,634.0500488281,0.0654377863,5181.5795898438,20.6824245453,14.6016254425,31.1981563568,631.9000244141,636.200012207
68,63917,Kings,Hanford Elementary,KK-08,5079,224.5,25.559299469,63.8036003113,585,634.0999755859,0.1151801571,5228.6508789063,22.6236076355,11.1160001755,16.6174449921,637.700012207,630.5
69,68221,San Diego,National Elementary,KK-06,6639,304.7300109863,26.8414001465,100,505,634.0999755859,0.0760656744,5339.3911132813,21.7864990234,8.4230003357,58.081035614,631.5,636.700012207
70,70904,Sonoma,Roseland Elementary,KK-06,1154,62.0999984741,22.9277000427,84.9206008911,129,634.1500244141,0.1117850989,6056.4970703125,18.5829315186,11.6649999619,55.8925437927,636.799987793,631.5
71,63420,Kern,Di Giorgio Elementary,KK-08,237,11,19.831199646,76.7931976318,13,634.1999511719,0.0548523217,4845.6801757813,21.5454540253,7.3049998283,5.4852323532,631.799987793,636.5999755859
72,64642,Los Angeles,Keppel Union Elementary,KK-08,2987,141.2100067139,21.2588005066,68.3964004517,273,634.4000244141,0.0913960487,4826.666015625,21.1528911591,13.7305994034,14.4291934967,637.700012207,631.0999755859
73,63966,Kings,Lakeside Union Elementary,KK-08,499,30,40.3670005798,83.1193008423,94,634.549987793,0.1883767545,5367.0903320313,16.6333332062,11.1160001755,22.8456916809,635.5,633.5999755859
74,65771,Merced,Merced City Elementary,KK-08,11474,542.6500244141,40.5526008606,77.0089035034,1248,634.700012207,0.108767651,5742.7329101563,21.1443824768,10.3644285202,38.7833366394,633.200012207,636.200012207
75,69203,Santa Barbara,Guadalupe Union Elementary,KK-08,1088,55,14.1543998718,86.0294036865,107,634.9000244141,0.0983455852,4136.2509765625,19.7818183899,6.9829998016,64.2463226318,631.0999755859,638.700012207
76,67694,San Bernardino,Cucamonga Elementary,KK-08,2660,140.1199951172,15.7601003647,74.8509979248,259,634.9499511719,0.0973684192,5267.8310546875,18.9837284088,14.4678001404,25.2255649567,637.799987793,632.0999755859
77,61705,Contra Costa,Knightsen Elementary,KK-08,353,19.9799995422,8.6721000671,33.0623016357,8,635.049987793,0.0226628892,5238.3920898438,17.6676673889,14.6529998779,5.3824362755,636.5999755859,633.5
78,63008,Humboldt,Rio Dell Elementary,KK-08,329,18.5300006866,28.9157009125,85.5421981812,37,635.1999511719,0.1124620065,5462.8994140625,17.7549915314,10.6289997101,6.0790276527,644.299987793,626.0999755859
79,70417,Siskiyou,Montague Elementary,KK-08,252,16.5,23.4568004608,66.2550964355,32,635.450012207,0.1269841343,6313.3735351563,15.2727270126,9.7810001373,0,640.9000244141,630
80,70409,Siskiyou,McCloud Union Elementary,KK-08,175,12.5,21.7646999359,68.8235015869,31,635.5999755859,0.1771428585,6653.0307617188,14,10.6560001373,0,634.5999755859,636.5999755859
81,72587,Ventura,Santa Paula Elementary,KK-08,3835,186.1999969482,13.9911003113,72.8628005981,897,635.5999755859,0.2338983119,5533.1494140625,20.5961341858,11.9379997253,34.8891792297,633,638.200012207
82,62539,Fresno,West Park Elementary,KK-08,314,19.25,29.9363002777,93.6305999756,8,635.75,0.0254777074,6118.7104492188,16.3116874695,7.3850002289,13.0573244095,636.700012207,634.799987793
83,65631,Merced,Atwater Elementary,KK-08,4458,211,22.2222003937,72.3208007813,445,635.950012207,0.0998205468,5098.626953125,21.1279621124,10.6759996414,36.0251235962,633.200012207,638.700012207
84,65862,Merced,Weaver Union Elementary,KK-08,1313,75.0800018311,32.0867996216,73.5976028442,112,636.0999755859,0.0853008404,5652.87890625,17.4880123138,9.9720001221,34.653465271,633.9000244141,638.299987793
85,62356,Fresno,Pacific Union Elementary,KK-08,474,26.5,21.5189990997,75.7384033203,36,636.5,0.0759493634,5329.0024414063,17.8867931366,8.2580003738,28.6919822693,634.700012207,638.299987793
86,75051,San Bernardino,Lucerne Valley Unified,KK-08,1114,57.7000007629,29.4468002319,62.2127990723,277,636.5999755859,0.2486535013,5929.8090820313,19.3067588806,8.8959999084,1.7953321934,645.4000244141,627.799987793
87,67231,Riverside,Romoland Elementary,KK-06,1358,65,14.7903003693,80.8683013916,178,636.6999511719,0.131075114,4897.0678710938,20.8923072815,12.0620002747,30.6332855225,632.299987793,641.0999755859
88,64501,Los Angeles,El Monte City Elementary,KK-08,11629,546.299987793,25.3794002533,83.8737030029,1015,636.9000244141,0.0872817934,5100.2021484375,21.2868385315,9.4288949966,59.033454895,632.4000244141,641.4000244141
89,63503,Kern,Greenfield Union Elementary,KK-08,6195,306.75,21.0433006287,68.5718994141,1261,636.950012207,0.2035512477,4825.72265625,20.1955986023,8.9203329086,13.5593223572,636.200012207,637.700012207
90,72033,Tulare,Palo Verde Union Elementary,KK-08,499,20,23.6993999481,80.9248962402,35,637,0.0701402798,4079.1291503906,24.9500007629,10.0979995728,5.0100197792,636.0999755859,637.9000244141
91,67322,Sacramento,Elverta Joint Elementary,KK-08,417,23,19.9041004181,46.0432014465,27,637.0999755859,0.0647481978,5349.3676757813,18.1304340363,11.8299999237,0.9592326283,638,636.200012207
92,64048,Lake,Lucerne Elementary,KK-08,300,15,48.3443984985,72.1854019165,55,637.3499755859,0.1833333373,5869.3891601563,20,11.5530004501,0.6666666865,640.9000244141,633.799987793
93,69542,Santa Clara,Luther Burbank Elementary,KK-08,457,24.3999996185,16.8160991669,67.7129974365,50,637.6500244141,0.1094091907,6462.1279296875,18.7295093536,19.7070007324,38.5120353699,644.9000244141,630.4000244141
94,61382,Butte,Bangor Union Elementary,KK-08,146,8,25.3425006866,54.1096000671,34,637.9499511719,0.232876718,6231.6015625,18.25,7.1050000191,0,646.0999755859,629.799987793
95,68858,San Mateo,Bayshore Elementary,KK-08,460,24.2199993134,10.5931997299,66.9492034912,71,637.950012207,0.1543478221,4993.8676757813,18.9925689697,13.7250003815,17.1739139557,633.200012207,642.700012207
96,72017,Tulare,Oak Valley Union Elementary,KK-08,354,17.7999992371,10.2777996063,59.7221984863,28,638,0.0790960416,4663.8110351563,19.8876419067,10.0979995728,9.887005806,636.700012207,639.299987793
97,65151,Los Angeles,Wilsona Elementary,KK-08,1841,95,25.2579994202,64.7473983765,315,638.200012207,0.1711026579,6107.1064453125,19.3789482117,13.7620000839,19.3916358948,640.4000244141,636
98,63073,Imperial,Brawley Elementary,KK-08,3760,183.75,26.901599884,65.7960968018,717,638.3000488281,0.190691486,5324.2280273438,20.4625854492,9.6649999619,36.4893608093,636.200012207,640.4000244141
99,63198,Imperial,Meadows Union Elementary,KK-08,500,22.4300003052,18.7999992371,83,70,638.3000488281,0.1400000006,5221.4609375,22.2915725708,10.263999939,39.3999977112,630.4000244141,646.200012207
100,64717,Los Angeles,Little Lake City Elementary,KK-08,5112,246.8999938965,10.6912002563,59.7234992981,383,638.3499755859,0.0749217495,5157.7846679688,20.7047386169,11.5692005157,28.6776218414,638.5999755859,638.0999755859
101,63719,Kern,Pond Union Elementary,KK-08,146,7.6599998474,13.6985998154,66.4384002686,28,638.549987793,0.1917808205,5131.119140625,19.0600528717,7.4050002098,13.6986303329,637.5,639.5999755859
102,63800,Kern,Taft City Elementary,KK-08,2141,105.8199996948,26.4965000153,65.3827972412,134,638.700012207,0.0625875741,5279.3540039063,20.2324695587,12.0769996643,11.3498363495,636.9000244141,640.5
103,71357,Sutter,Brittan Elementary,KK-08,610,30.9799995422,8.524600029,56.0656013489,144,639.25,0.2360655665,4704.0439453125,19.6901226044,11.2829999924,3.4426231384,640.299987793,638.200012207
104,65557,Mendocino,Arena Union Elementary,KK-08,337,16.5499992371,21.2625007629,60.132900238,26,639.3000488281,0.0771513358,6089.9106445313,20.3625392914,10.0349998474,15.430267334,642.700012207,635.9000244141
105,67587,San Bernardino,Adelanto Elementary,KK-08,4501,227.8500061035,19.129699707,63.9054985046,597,639.3499755859,0.1326371878,5356.8334960938,19.7542228699,8.3839998245,17.973783493,639.9000244141,638.799987793
106,67470,San Benito,Hollister School District,KK-08,5718,295.049987793,6.8407001495,37.0456008911,313,639.5,0.0547394194,5144.5493164063,19.3797664642,13.6300001144,22.7177333832,641.4000244141,637.5999755859
107,64857,Los Angeles,Palmdale Elementary,KK-08,19402,846.3800048828,20.5237007141,51.242099762,1182,639.75,0.0609215535,4906.2299804688,22.9235095978,14.1276674271,18.4362449646,641.700012207,637.799987793
108,61507,Butte,Oroville City Elementary,KK-08,3401,175.5500030518,52.2198982239,74.2723007202,560,639.799987793,0.1646574587,5489.5888671875,19.3733978271,11.2661247253,16.1717147827,641.5,638.0999755859
109,63792,Kern,Standard Elementary,KK-08,2621,136.8300018311,25.8297996521,64.0977020264,397,639.8499755859,0.1514689028,5718.5512695313,19.1551551819,13.3900003433,2.0221288204,641.4000244141,638.299987793
110,72447,Ventura,Briggs Elementary,KK-08,426,20,3.9906001091,64.7886962891,87,639.9000244141,0.2042253464,4436.1528320313,21.2999992371,11.9379997253,9.6244134903,634.299987793,645.5
111,62323,Fresno,Monroe Elementary,KK-08,205,11.1999998093,18.5366001129,80.9756011963,24,640.0999755859,0.1170731708,4895.439453125,18.303571701,8.2580003738,41.4634132385,643.5,636.700012207
112,64667,Los Angeles,Lancaster Elementary,KK-08,13668,648.4099731445,28.1753005981,56.2994003296,1321,640.1500244141,0.0966491103,5159.21875,21.0792560577,14.2267274857,9.8990345001,640.4000244141,639.9000244141
113,65177,Madera,Alview-Dairyland Union Elementary,KK-08,342,18.2000007629,11.3959999084,68.0912017822,98,640.5,0.2865497172,5490.6547851563,18.7912082672,10.4720001221,16.0818710327,637.700012207,643.299987793
114,66589,Orange,Magnolia Elementary,KK-06,6518,332.1000061035,12.2791004181,71.0238037109,499,640.75,0.0765572265,5172.01953125,19.6266174316,14.2429008484,43.4949378967,638.5,643
115,71985,Tulare,Liberty Elementary,KK-08,239,12.1999998093,15.6118001938,69.620300293,30,640.9000244141,0.1255230159,4441.6728515625,19.5901641846,14.0659999847,8.7866106033,644.9000244141,636.9000244141
116,69617,Santa Clara,Mt. Pleasant Elementary,KK-08,2911,139.4700012207,11.9285001755,52.9734992981,281,641.0999755859,0.0965304002,5220.3701171875,20.8718719482,15.968000412,39.0243873596,640.4000244141,641.799987793
117,63123,Imperial,El Centro Elementary,KK-08,6272,297.0400085449,28.7199993134,71.7623977661,1338,641.4499511719,0.2133290768,5252.810546875,21.1150016785,10.263999939,53.8903045654,639.299987793,643.5999755859
118,68395,San Diego,South Bay Union Elementary,KK-06,10218,508.75,17.4202003479,70.8063964844,1435,641.4499511719,0.1404384375,5518.7021484375,20.08452034,10.6024703979,41.1332931519,638.5999755859,644.299987793
119,69914,Shasta,Cascade Union Elementary,KK-08,1735,87.1399993896,47.2621994019,75.5043029785,222,641.549987793,0.127953887,5609.4877929688,19.9104881287,10.5229997635,1.383285284,640.799987793,642.299987793
120,71969,Tulare,Kings River Union Elementary,KK-08,474,26.6100006104,20.6751003265,82.0674972534,96,641.8000488281,0.2025316507,4945.0317382813,17.8128509521,11.2379999161,35.4430389404,638.9000244141,644.700012207
121,71548,Tehama,Gerber Union Elementary,KK-08,544,30,20.5505008698,74.8623962402,145,642.1999511719,0.2665441036,5223.025390625,18.1333332062,10.0559997559,8.639705658,641.799987793,642.5999755859
122,71910,Tulare,Exeter Union Elementary,KK-08,1987,103.3700027466,15.2812004089,54.6540985107,283,642.200012207,0.1424257606,4757.025390625,19.2222118378,11.1829996109,15.3497743607,637,647.4000244141
123,62000,Fresno,American Union Elementary,KK-08,418,22.3999996185,10.6964998245,63.432800293,50,642.4000244141,0.1196172237,5522.1616210938,18.6607151031,7.3850002289,19.8564586639,640.200012207,644.5999755859
124,66167,Monterey,San Antonio Union Elementary,KK-08,196,10,19.6891002655,47.1502990723,40,642.75,0.2040816396,6087.6088867188,19.6000003815,13.579000473,3.0612244606,652.5999755859,632.9000244141
125,71837,Tulare,Burton Elementary,KK-08,2208,114.5,14.4139995575,53.2106018066,92,643.049987793,0.0416666679,4960.515625,19.2838420868,9.6300001144,9.8731880188,642,644.0999755859
126,67157,Riverside,Nuview Union Elementary,KK-08,1255,55,11.3221998215,44.2597007751,165,643.1999511719,0.1314741075,4880.0405273438,22.8181819916,15.2740001678,16.0956172943,642.5999755859,643.799987793
127,70615,Sonoma,Bellevue Union Elementary,KK-06,1469,78.0999984741,20.9666004181,80.2586975098,65,643.25,0.0442477874,6538.41796875,18.8092193604,14.0342502594,43.4989776611,639.4000244141,647.0999755859
128,64550,Los Angeles,Garvey Elementary,KK-08,7114,332.8399963379,34.5942001343,82.5721969604,680,643.4000244141,0.0955861658,4925.6596679688,21.373632431,10.2396669388,45.0379524231,638.9000244141,647.9000244141
129,71498,Tehama,Corning Union Elementary,KK-08,1962,98,24.4151000977,67.7518005371,170,643.4000244141,0.0866462812,5204.6875,20.0204086304,9.4849996567,18.1957187653,641.700012207,645.0999755859
130,68916,San Mateo,Jefferson Elementary,KK-08,7761,361,6.4911999702,44.476600647,658,643.5,0.084782891,4907.4106445313,21.4986152649,15.0298748016,15.4876947403,644.200012207,642.799987793
131,70185,Siskiyou,Big Springs Union Elementary,KK-08,216,14,9.4169998169,48.8788986206,47,643.5,0.217592597,5923.4516601563,15.428571701,9.7810001373,0.9259259105,652.700012207,634.299987793
132,63487,Kern,General Shafter Elementary,KK-08,224,10,7.1428999901,58.0357017517,31,643.6999511719,0.1383928508,4741.95703125,22.3999996185,13.1920003891,7.5892858505,633.5999755859,653.799987793
133,71308,Stanislaus,Turlock Joint Elementary,KK-08,7887,391.8599853516,16.4023990631,57.0722007751,1004,643.700012207,0.1272980869,4954.01953125,20.1270866394,12.2159996033,29.0858383179,645.700012207,641.700012207
134,72421,Tuolumne,Twain Harte-Long Barn Union Elementary,KK-08,752,39.5,11.7104997635,34.0788993835,0,644.1999511719,0,5500.1079101563,19.0379753113,14.0760002136,0.1329787225,652.299987793,636.0999755859
135,69005,San Mateo,Redwood City Elementary,KK-08,9328,537.8800048828,7.4875001907,39.0368003845,1719,644.200012207,0.1842838824,5360.5170898438,17.3421573639,25.4873332977,50.8576316833,644.5,643.9000244141
136,61846,El Dorado,Camino Union Elementary,KK-08,548,32.2000007629,7.6641998291,31.3868999481,35,644.4000244141,0.0638686121,5685.6391601563,17.0186328888,14.8669996262,11.4963502884,652.0999755859,636.700012207
137,65813,Merced,Plainsburg Union Elementary,KK-08,104,5,32.3810005188,49.5237998962,19,644.450012207,0.1826923043,5594.1962890625,20.7999992371,9.9720001221,13.4615392685,649.5,639.4000244141
138,68486,San Joaquin,Banta Elementary,KK-08,275,13,12.7272996902,45.8181991577,4,644.450012207,0.0145454546,4692.5668945313,21.1538467407,14.5780000687,4.7272725105,643.200012207,645.700012207
139,62513,Fresno,Washington Colony Elementary,KK-08,443,24,14.2211999893,69.9774017334,52,644.5,0.1173814908,5085.40625,18.4583339691,7.3850002289,21.444694519,644.299987793,644.700012207
140,67405,Sacramento,Rio Linda Union Elementary,KK-06,10337,540.049987793,37.2268981934,58.5453987122,1268,644.549987793,0.1226661503,5456.197265625,19.1408214569,12.343000412,12.3536806107,646,643.0999755859
141,71050,Stanislaus,Chatom Union Elementary,KK-08,806,41.5299987793,7.178800106,56.6750984192,36,644.6999511719,0.0446650125,5105.1796875,19.4076576233,12.4313325882,30.1488838196,645.299987793,644.0999755859
142,73726,Merced,Merced River Union Elementary,KK-08,227,11.6000003815,18.0617008209,59.0307998657,25,644.950012207,0.1101321578,5519.6772460938,19.5689640045,14.9060001373,15.8590297699,649.700012207,640.200012207
143,72462,Ventura,Hueneme Elementary,KK-08,8416,391.4200134277,12.3990001678,71.9121017456,1333,645.0999755859,0.1583887786,5065.9111328125,21.5011997223,12.6698999405,43.75,642.9000244141,647.299987793
144,62737,Humboldt,Cuddeback Union Elementary,KK-08,149,8.5,19.4631004333,59.0603981018,30,645.25,0.2013422847,5182.4282226563,17.5294113159,10.3330001831,0,656.799987793,633.700012207
145,62703,Humboldt,Blue Lake Union Elementary,KK-08,220,13.3900003433,19.130399704,52.1739006042,48,645.549987793,0.2181818187,5960.4643554688,16.4301719666,11.9720001221,0,658,633.0999755859
146,68205,San Diego,Lemon Grove Elementary,KK-08,4612,232.9700012207,17.4761009216,65.9150009155,601,645.5500488281,0.1303122342,5124.8364257813,19.7965393066,12.8269996643,16.6522121429,647.700012207,643.4000244141
147,64063,Lake,Upper Lake Union Elementary,KK-08,590,34.3300018311,37.4367980957,70.657699585,71,645.5999755859,0.1203389838,5655.1333007813,17.1861343384,10.0399999619,3.2203390598,644.799987793,646.4000244141
148,62984,Humboldt,Peninsula Union Elementary,KK-08,133,7.5500001907,25,72.1428985596,25,645.75,0.187969923,5811.6899414063,17.6158943176,13.3350000381,0,644.299987793,647.200012207
149,72512,Ventura,Ocean View Elementary,KK-08,2440,121.2399978638,7.2758998871,47.0298995972,116,645.75,0.047540985,5467.673828125,20.125371933,9.8540000916,48.5245895386,645.5,646
150,71647,Tehama,Reeds Creek Elementary,KK-08,133,6,11.1940002441,35.8208999634,0,646,0,5213.0893554688,22.1666660309,11.4259996414,0.7518796921,652.5,639.5
151,67280,Sacramento,Arcohe Union Elementary,KK-08,519,26,16.7630004883,37.9575996399,65,646.200012207,0.1252408475,4613.1875,19.9615383148,15.1309995651,1.9267823696,650.9000244141,641.5
152,68627,San Joaquin,New Jerusalem Elementary,KK-08,222,11.6599998474,7.5893001556,40.625,30,646.3499755859,0.1351351291,4886.9838867188,19.0394515991,14.5780000687,13.5135126114,643,649.700012207
153,70243,Siskiyou,Dunsmuir Elementary,KK-08,285,18.7199993134,26.6422996521,76.2773971558,36,646.4000244141,0.1263157874,6455.13671875,15.2243595123,10.267999649,0,641.5999755859,651.200012207
154,71282,Stanislaus,Stanislaus Union Elementary,KK-08,3129,147.9799957275,26.1676006317,55.7901000977,471,646.5,0.1505273283,5125.4331054688,21.1447505951,15.5928573608,16.7146053314,647.799987793,645.200012207
155,62240,Fresno,Kingsburg Joint Union Elementary,KK-08,2019,102.7799987793,10.2525997162,40.5646018982,167,646.549987793,0.0827142149,5193.6923828125,19.6438999176,11.2379999161,5.9435362816,649.0999755859,644
156,66456,Orange,Buena Park Elementary,KK-08,5620,267,10.3094997406,55.0938987732,316,646.700012207,0.0562277585,5002.8388671875,21.0486888885,15.0513753891,36.1743774414,644,649.4000244141
157,66746,Orange,Westminster Elementary,KK-08,9775,484.5,13.0430002213,62.5038986206,1218,646.9000244141,0.124603577,5337.6254882813,20.1754379272,15.4131765366,44.9718666077,645.5999755859,648.200012207
158,63933,Kings,Island Union Elementary,KK-08,246,11.5,9.7560997009,43.9024009705,38,646.9499511719,0.1544715464,5161.2021484375,21.3913040161,11.0810003281,16.6666679382,647.799987793,646.0999755859
159,72231,Tulare,Tulare City Elementary,KK-08,7210,360.3500061035,26.6268005371,68.8579025269,800,647.049987793,0.1109570041,5158.7919921875,20.0083255768,10.0979995728,15.1872396469,642.5,651.5999755859
160,68023,San Diego,Chula Vista Elementary,KK-06,21338,1051.5799560547,13.2271995544,45.9949989319,2889,647.25,0.1353922635,5123.4741210938,20.2913722992,14.2982997894,34.3377990723,645,649.5
161,69880,Shasta,Black Butte Union Elementary,KK-08,477,27,25.3668994904,59.5387992859,27,647.299987793,0.0566037744,5782.5439453125,17.6666660309,11.8030004501,0,650.799987793,643.799987793
162,65763,Merced,McSwain Union Elementary,KK-08,727,39.9000015259,10.1787996292,32.1870994568,50,647.5999755859,0.0687757879,4842.6079101563,18.2205505371,9.9720001221,13.0673999786,649.4000244141,645.799987793
163,71381,Sutter,Franklin Elementary,KK-08,374,18.4500007629,6.6845002174,7.4865999222,46,647.5999755859,0.1229946539,4219.40625,20.2710018158,15.4090003967,4.2780747414,651.5999755859,643.5999755859
164,68098,San Diego,Escondido Union Elementary,KK-08,18255,903.7600097656,11.2216997147,58.5331001282,2001,648,0.109613806,5081.169921875,20.1989459991,15.2937994003,39.5946311951,645,651
165,64485,Los Angeles,East Whittier City Elementary,KK-08,8787,410.9100036621,10.0227003098,32.483001709,1058,648.200012207,0.120405145,5144.9936523438,21.3842449188,15.5329284668,21.6683731079,648,648.4000244141
166,73544,Kern,Rio Bravo-Greeley Union Elementary,KK-08,797,38,7.0262999535,35.7591018677,60,648.25,0.0752823055,4674.298828125,20.9736843109,16.2929992676,3.2622332573,648.799987793,647.700012207
167,71407,Sutter,Marcum-Illinois Union Elementary,KK-08,140,7,3.5713999271,39.2857017517,40,648.3499755859,0.2857142985,4830.326171875,20,12.875,7.8571429253,651.5999755859,645.0999755859
168,68437,San Diego,Vallecitos Elementary,KK-08,235,13.6999998093,6.8084998131,67.2340011597,51,648.700012207,0.2170212716,5621.6879882813,17.1532840729,16.6229991913,39.5744667053,643.4000244141,654
169,67918,San Bernardino,Victor Elementary,KK-06,8294,371.1000061035,23.1975002289,51.567401886,1295,648.9499511719,0.1561369598,4948.8681640625,22.3497714996,12.5498828888,10.1278028488,645.0999755859,652.799987793
170,66696,Orange,Savanna Elementary,KK-06,2409,108.6600036621,8.1514997482,52.1202011108,354,649.1500244141,0.1469489485,5100.9755859375,22.1700706482,14.2585716248,27.5217914581,646,652.299987793
171,71001,Sonoma,West Side Union Elementary,KK-06,150,8.25,3.2258000374,23.2257995605,16,649.3000488281,0.1066666692,5132.7885742188,18.1818180084,18.3260002136,14,655.200012207,643.4000244141
172,69971,Shasta,Enterprise Elementary,KK-08,3981,210,41.773399353,51.7709007263,606,649.5,0.1522230655,5358.5170898438,18.9571437836,12.7491426468,8.8420000076,649.799987793,649.200012207
173,71621,Tehama,Red Bluff Union Elementary,KK-08,2326,117.8000030518,17.9750995636,52.2523002625,345,649.6999511719,0.1483232975,5149.1865234375,19.7453308105,11.4259996414,6.4058465958,651.299987793,648.0999755859
174,72363,Tuolumne,Jamestown Elementary,KK-08,501,30.5,20.6348991394,54.7619018555,163,649.8499755859,0.3253493011,5373.2065429688,16.4262294769,8.8299999237,2.3952097893,652.5999755859,647.0999755859
175,70482,Siskiyou,Weed Union Elementary,KK-08,470,28.2700004578,31.330499649,89.6996002197,48,650.4499511719,0.1021276563,6485.166015625,16.6253967285,11.1759996414,5.957447052,655.0999755859,645.799987793
176,63032,Humboldt,South Bay Union Elementary,KK-06,575,35.0999984741,26.4347991943,59.1304016113,59,650.549987793,0.1026086956,5504.025390625,16.3817672729,14.2279996872,8.173913002,654.5999755859,646.5
177,61655,Contra Costa,Brentwood Union Elementary,KK-08,3519,175.3000030518,5.5412998199,29.7812004089,789,650.5999755859,0.2242114246,5105.734375,20.0741577148,15.0270004272,15.4589366913,655.4000244141,645.799987793
178,72405,Tuolumne,Summerville Elementary,KK-08,474,26.3400001526,21.9958992004,54.9897994995,61,650.6500244141,0.1286919862,5634.7309570313,17.9954433441,10.5209999084,0,653.5999755859,647.700012207
179,66860,Placer,Ophir Elementary,KK-08,223,11.5,1.7544000149,17.5438995361,60,650.9000244141,0.2690582871,4980.2944335938,19.3913040161,18.6259994507,0,651.799987793,650
180,70821,Sonoma,Montgomery Elementary,KK-08,92,5.5999999046,13.5417003632,0,22,650.9000244141,0.2391304374,6113.8598632813,16.428571701,22.5289993286,0,656.0999755859,645.700012207
181,70912,Sonoma,Santa Rosa Elementary,KK-06,4971,297.1400146484,14.709400177,55.1007995605,500,651.1500244141,0.100583382,5850,16.7294864655,18.2983894348,31.8245830536,653.299987793,649
182,71266,Stanislaus,Salida Union Elementary,KK-08,2617,107.1949996948,8.3682003021,32.3697013855,226,651.200012207,0.086358428,4547.9448242188,24.4134521484,11.8857498169,12.8009166718,651.700012207,650.700012207
183,70128,Shasta,Shasta Union Elementary,KK-08,242,13.25,28.099199295,51.6529006958,32,651.3499755859,0.1322313994,5011.8403320313,18.2641506195,9.9259996414,0,654.4000244141,648.299987793
184,62802,Humboldt,Fortuna Union Elementary,KK-08,780,41.1500015259,16.5394001007,50.7634010315,75,651.4000244141,0.0961538479,5261.3706054688,18.9550418854,14.1969995499,3.8461539745,662,640.799987793
185,72090,Tulare,Rockford  Elementary,KK-08,324,15.3999996185,13.0031003952,58.2042999268,50,651.450012207,0.1543209851,4276.115234375,21.0389614105,9.6300001144,2.4691357613,647,655.9000244141
186,62638,Glenn,Plaza Elementary,KK-08,140,6.75,7.8571000099,45.7142982483,25,651.8000488281,0.1785714328,4566.2700195313,20.7407398224,10.638999939,10.7142858505,654.200012207,649.4000244141
187,70813,Sonoma,Monte Rio Union Elementary,KK-08,181,10,25.4144001007,66.8507995605,26,651.8499755859,0.1436464041,6049.4951171875,18.1000003815,14.4750003815,0,651.9000244141,651.799987793
188,64105,Lassen,Janesville Union Elementary,KK-08,516,26,9.2593002319,24.8148002625,65,651.9000244141,0.1259689927,4974.28125,19.8461532593,13.4670000076,1.9379844666,656.299987793,647.5
189,63172,Imperial,Magnolia Union Elementary,KK-08,108,5,3.6696999073,32.1100997925,25,652,0.2314814776,4432.4780273438,21.6000003815,9.6649999619,4.629629612,648.200012207,655.799987793
190,64188,Lassen,Shaffer Union Elementary,KK-08,419,18.6700000763,13.953499794,50,58,652.0999755859,0.1384248137,4924.619140625,22.4424209595,12.7080001831,5.2505965233,656.4000244141,647.799987793
191,66506,Orange,Fullerton Elementary,KK-08,12567,546.049987793,7.6230998039,40.3995018005,1099,652.0999755859,0.0874512643,4603.6596679688,23.0143756866,17.8229999542,27.5403823853,651.5999755859,652.5999755859
192,70649,Sonoma,Cinnabar Elementary,KK-06,287,16.1700000763,3.7931001186,31.0345001221,65,652.299987793,0.2264808416,5973.9252929688,17.7489185333,17.1560001373,14.9825782776,655.0999755859,649.5
193,69278,Santa Barbara,Santa Barbara Elementary,KK-08,6201,339.1000061035,7.179599762,47.7024993896,634,652.3000488281,0.1022415757,5215.9438476563,18.2866401672,19.589635849,47.8793754578,650.9000244141,653.700012207
194,63016,Humboldt,Rohnerville Elementary,KK-08,577,29.9500007629,20.3360996246,46.0503997803,134,652.3499755859,0.2322356999,4882.2368164063,19.2654418945,14.1969995499,0,657.200012207,647.5
195,71431,Sutter,Pleasant Grove Joint Union Elementary,KK-08,170,7.5,10.5881996155,32.3529014587,41,652.4000244141,0.2411764711,4145.8359375,22.6666660309,11.9119997025,1.7647060156,660.299987793,644.5
196,73700,Shasta,Mountain Union Elementary,KK-08,164,8.5,33.5365982056,65.8536987305,36,652.4000244141,0.2195121944,7542.0380859375,19.2941169739,13.3859996796,0,655.200012207,649.5999755859
197,63784,Kern,South Fork Union Elementary,KK-08,382,22,29.2383003235,59.2137985229,75,652.5,0.1963350773,5247.0180664063,17.3636360168,11.5539999008,0,653.0999755859,651.9000244141
198,68155,San Diego,Jamul-Dulzura Union Elementary,KK-08,1221,61.5999984741,4.3407001495,25.307100296,250,652.8499755859,0.20475021,5169.8149414063,19.821428299,19.0259990692,7.2891073227,656.799987793,648.9000244141
199,69765,Santa Cruz,Live Oak Elementary,KK-08,2214,108.3499984741,12.8725996017,36.4499015808,213,653.0999755859,0.0962059647,5951.005859375,20.4337787628,16.406999588,17.0280036926,656.0999755859,650.0999755859
200,67116,Riverside,Menifee Union Elementary,KK-08,4523,215,5.7519001961,29.1986999512,409,653.4000244141,0.0904267058,4746.572265625,21.0372085571,14.0579996109,10.4355516434,653.700012207,653.0999755859
201,63552,Kern,Lakeside Union Elementary,KK-08,793,39.7999992371,4.413599968,30.7691993713,49,653.5,0.0617906675,4944.0922851563,19.9246234894,19.0680007935,2.2698612213,652.4000244141,654.5999755859
202,69724,Santa Clara,Whisman Elementary,KK-08,1678,88.2699966431,5.4826998711,38.2001991272,254,653.549987793,0.1513706744,6306.4873046875,19.0098571777,20.7700004578,28.2479133606,655.5999755859,651.5
203,63180,Imperial,McCabe Union Elementary,KK-08,536,22.5,5.5970001221,28.1716003418,35,653.5500488281,0.0652985051,4260.306640625,23.822221756,10.263999939,8.7686567307,653.4000244141,653.700012207
204,68551,San Joaquin,Lammersville Elementary,KK-08,307,15.8500003815,5.5374999046,28.6644992828,36,653.6999511719,0.1172638461,4718.1630859375,19.3690853119,14.5780000687,7.491856575,654.0999755859,653.299987793
205,71563,Tehama,Lassen View Union Elementary,KK-08,347,17.5,18.4437999725,53.6022987366,56,653.799987793,0.1613832861,4751.2998046875,19.8285713196,10.2019996643,9.7982711792,655.5,652.0999755859
206,62927,Humboldt,Loleta Union Elementary,KK-08,168,11.0100002289,29.1667003632,63.6904983521,30,653.8499755859,0.1785714328,5653.4536132813,15.258854866,12.501999855,12.5,655.9000244141,651.799987793
207,70045,Shasta,Junction Elementary,KK-08,532,31,10.5066003799,29.6434993744,81,653.9499511719,0.1522556394,5920.2534179688,17.1612911224,13.9060001373,0,656.5999755859,651.299987793
208,64931,Los Angeles,Rosemead Elementary,KK-08,3272,150,24.0219993591,76.7725982666,374,654.0999755859,0.1143031791,4825.5908203125,21.8133335114,9.986000061,31.2041549683,651.4000244141,656.799987793
209,66332,Nevada,Grass Valley Elementary,KK-08,2045,107.2099990845,12.1270999908,40.9291000366,268,654.1999511719,0.1310513467,5532.58203125,19.0747127533,13.7119998932,1.3691931963,657.799987793,650.5999755859
210,71829,Tulare,Buena Vista Elementary,KK-08,156,6.0500001907,10.429400444,47.8527984619,7,654.1999511719,0.0448717959,3926.0695800781,25.7851238251,10.0979995728,9.6153850555,659.799987793,648.5999755859
211,63545,Kern,Kernville Union Elementary,KK-08,1129,61.9900016785,34.1894989014,62.2675018311,164,654.299987793,0.1452612877,5805.63671875,18.2126140594,11.2910003662,0,655.0999755859,653.5
212,67348,Sacramento,Galt Joint Union Elementary,KK-08,3669,201.9700012207,11.3589000702,41.054599762,500,654.5999755859,0.1362769157,4899.2397460938,18.1660633087,13.2250003815,24.2572898865,652.700012207,656.5
213,67553,San Benito,Southside Elementary,KK-08,157,9.25,1.8986999989,10.1266002655,19,654.8499755859,0.1210191101,4884.8623046875,16.9729728699,13.6300001144,9.5541400909,654.200012207,655.5
214,68189,San Diego,Lakeside Union Elementary,KK-08,4928,229.1999969482,8.5419998169,25.8885002136,618,654.8499755859,0.125405848,5139.9375,21.5008735657,14.623000145,5.92532444,653.5,656.200012207
215,71423,Sutter,Nuestro Elementary,KK-08,103,5,5.8252000809,23.3010005951,13,654.9000244141,0.1262135953,5249.3647460938,20.6000003815,8.7760000229,0.9708737731,662.200012207,647.5999755859
216,61994,Fresno,Alvina Elementary,KK-08,175,10.3000001907,14.8570995331,70.285697937,17,655.049987793,0.0971428603,5399.0703125,16.9902915955,10.3380002975,18.2857131958,650,660.0999755859
217,61762,Contra Costa,Oakley Union Elementary,KK-08,4153,199.8600006104,7.5268998146,23.4409008026,241,655.0500488281,0.0580303408,4965.2900390625,20.7795448303,16.3229999542,4.984348774,657.4000244141,652.700012207
218,70268,Siskiyou,Etna Union Elementary,KK-06,280,18.0499992371,8.6956996918,56.5217018127,67,655.0500488281,0.2392857075,6210.3232421875,15.5124664307,10.6563329697,4.2857146263,660.4000244141,649.700012207
219,68544,San Joaquin,Jefferson Elementary,KK-08,865,43.5,3.0841999054,12.5740995407,96,655.1999511719,0.1109826565,4797.5034179688,19.8850574493,14.5780000687,3.3526010513,660.799987793,649.5999755859
220,69377,Santa Clara,Berryessa Union Elementary,KK-08,8735,408.200012207,7.4966001511,21.3433990479,1120,655.3000488281,0.1282197982,5397.1616210938,21.3988227844,18.6305999756,32.7074966431,655.4000244141,655.200012207
221,63958,Kings,Kit Carson Union Elementary,KK-08,412,20.1000003815,8.7378997803,60.9222984314,72,655.3499755859,0.1747572869,5078.5,20.4975128174,11.1160001755,9.4660196304,653,657.700012207
222,71290,Stanislaus,Sylvan Union Elementary,KK-08,6373,329.1199951172,12.6785001755,36.8899993896,624,655.3499755859,0.0979130715,4733.7465820313,19.3637580872,14.5976667404,6.260787487,657.5999755859,653.0999755859
223,68635,San Joaquin,Oak View Union Elementary,KK-08,332,18.7999992371,9.0361003876,34.0360984802,73,655.4000244141,0.2198795229,4963.0600585938,17.6595745087,15.4930000305,13.2530126572,653.200012207,657.5999755859
224,66787,Placer,Auburn Union Elementary,KK-08,2903,138.1199951172,11.1263999939,34.447101593,192,655.549987793,0.0661384761,5431.1772460938,21.01795578,16.2719993591,3.1691353321,662,649.0999755859
225,67504,San Benito,North County Joint Union Elementary,KK-08,565,29.6499996185,6.7256999016,36.6371994019,60,655.6999511719,0.1061946899,5382.0888671875,19.0556488037,13.6300001144,16.9911499023,651.5999755859,659.799987793
226,61945,El Dorado,Pioneer Union Elementary,KK-08,586,26,7.5085000992,37.8839988708,78,655.799987793,0.1331057996,5724.4418945313,22.5384616852,12.3940000534,0.8532423377,662,649.5999755859
227,67645,San Bernardino,Central Elementary,KK-08,5068,240.1000061035,7.0638999939,34.2344017029,626,655.8499755859,0.1235201284,4843.4272460938,21.1078720093,15.3310003281,6.6495656967,655.9000244141,655.799987793
228,70094,Shasta,Pacheco Union Elementary,KK-08,859,42.8400001526,16.4144001007,40.1629981995,118,656.4000244141,0.1373690367,5730.3491210938,20.0513534546,12.6660003662,0.1164144352,654.0999755859,658.700012207
229,66316,Nevada,Chicago Park Elementary,KK-08,145,10.2100000381,8.2758998871,20,20,656.5,0.137931034,5635.7861328125,14.2017631531,13.7119998932,0,657.799987793,655.200012207
230,68874,San Mateo,Brisbane Elementary,KK-08,649,35.125,3.8520998955,19.5685997009,155,656.5500488281,0.238828972,5671.6572265625,18.4768676758,17.7803344727,6.9337444305,658.700012207,654.4000244141
231,63883,Kings,Central Union Elementary,KK-08,1789,96,2.9625000954,56.0088996887,435,656.6500244141,0.2431526035,7070.6333007813,18.6354160309,10.5566673279,9.5584125519,655.4000244141,657.9000244141
232,70011,Shasta,Happy Valley Union Elementary,KK-08,775,37,24.9032001495,61.4193992615,50,656.700012207,0.0645161271,5097.3432617188,20.9459457397,10.5229997635,0.9032257795,661.5,651.9000244141
233,61572,Calaveras,Mark Twain Union Elementary,KK-08,777,36.8499984741,12.988699913,39.8487014771,148,656.8000488281,0.190476194,5482.6772460938,21.0854816437,13.2430000305,1.158301115,663.4000244141,650.200012207
234,65458,Marin,San Rafael City Elementary,KK-08,3518,188.1999969482,9.7707996368,49.4268989563,419,656.8000488281,0.1191017628,5642.83203125,18.6928806305,22.4729995728,40.1080169678,656.700012207,656.9000244141
235,67991,San Diego,Cajon Valley Union Elementary,KK-08,19294,924.5700073242,18.9319000244,50.9707984924,2401,657,0.1244428307,5280.0234375,20.8680782318,15.6846542358,16.6632118225,657.5999755859,656.4000244141
236,69393,Santa Clara,Campbell Union Elementary,KK-08,7661,386.4200134277,7.8057999611,32.1367988586,1158,657,0.1511552036,5433.33984375,19.8255767822,23.4837493896,21.9553585052,657.299987793,656.700012207
237,71365,Sutter,Browns Elementary,KK-08,158,8,6.329100132,25.3164997101,34,657.1500244141,0.2151898742,4529.2836914063,19.75,11.6490001678,8.8607597351,661,653.299987793
238,66324,Nevada,Clear Creek Elementary,KK-08,117,6,8.4034004211,36.1344985962,42,657.4000244141,0.3589743674,6039.9858398438,19.5,16.3560009003,0.854700923,664.9000244141,649.9000244141
239,63057,Humboldt,Trinidad Union Elementary,KK-08,160,8.6999998093,16.091999054,36.7816009521,37,657.5,0.231250003,6168.2294921875,18.3908042908,14.0740003586,0,672.799987793,642.200012207
240,70722,Sonoma,Guerneville Elementary,KK-08,511,27.2000007629,27.4853992462,51.8518981934,30,657.5500488281,0.0587084144,5774.9702148438,18.7867641449,13.4370002747,3.9138941765,664.200012207,650.9000244141
241,69013,San Mateo,San Bruno Park Elementary,KK-08,2770,140.1100006104,3.6101000309,25.5596008301,296,657.6500244141,0.1068592072,4806.76171875,19.7701797485,18.3379993439,11.9494590759,659.700012207,655.5999755859
242,71472,Tehama,Antelope Elementary,KK-08,551,28.5,15.2343997955,51.5625,46,657.75,0.0834845752,4840.9360351563,19.3333339691,11.4259996414,3.9927403927,660.200012207,655.299987793
243,66472,Orange,Centralia Elementary,KK-06,5205,242.5,8.3189001083,37.2910995483,474,657.799987793,0.091066286,4954.4663085938,21.4639167786,15.7499170303,22.9394817352,655.0999755859,660.5
244,67702,San Bernardino,Etiwanda Elementary,KK-08,6437,278.8399963379,2.5167000294,17.150800705,622,657.9000244141,0.0966288671,4023.5317382813,23.0849227905,15.7790002823,2.4856300354,658.5,657.299987793
245,65169,Los Angeles,Wiseburn Elementary,KK-08,1712,81.2799987793,5.3737998009,32.6519012451,122,658,0.0712616816,5179.4111328125,21.0629920959,14.0620002747,9.8714952469,657,659
246,63024,Humboldt,Scotia Union Elementary,KK-08,370,19.7999992371,6.5040998459,36.3143997192,56,658.3499755859,0.1513513476,4385.2294921875,18.6868686676,12.1739997864,0.540540576,664,652.700012207
247,67785,San Bernardino,Mountain View Elementary,KK-08,3182,153.1999969482,3.5304999352,26.9433002472,328,658.5999755859,0.1030798256,4777.5126953125,20.7702350616,12.8999996185,8.9566316605,654.700012207,662.5
248,68791,San Luis Obispo,Pleasant Valley Joint Union Elementary,KK-06,139,7.1999998093,0.7193999887,29.4964008331,32,658.799987793,0.2302158326,4862.7905273438,19.3055553436,10.9709997177,6.4748196602,661.299987793,656.299987793
249,69625,Santa Clara,Oak Grove Elementary,KK-08,11855,588.8400268555,9.0158004761,32.765499115,1507,659.0500488281,0.1271193624,5486.0297851563,20.1328029633,17.4351997375,20.7254314423,654.9000244141,663.200012207
250,61960,El Dorado,Pollock Pines Elementary,KK-08,1068,51.6699981689,12.8276996613,36.7977981567,129,659.1500244141,0.1207865179,5486.3823242188,20.6696357727,14.7600002289,0.1872659177,662.0999755859,656.200012207
251,64345,Los Angeles,Castaic Union Elementary,KK-08,2295,103,4.0395002365,31.3708992004,224,659.3499755859,0.097603485,4631.2436523438,22.2815532684,14.6029996872,13.9869289398,658.299987793,660.4000244141
252,63255,Inyo,Bishop Union Elementary,KK-08,1510,73.3000030518,10.2597999573,37.1086006165,141,659.4000244141,0.0933774859,5189.6279296875,20.600271225,13.5223331451,8.7417211533,662.799987793,656
253,69138,Santa Barbara,Buellton Union Elementary,KK-08,579,27.7999992371,1.5,31.5,60,659.4000244141,0.1036269441,4600.6064453125,20.8273391724,16.6690006256,20.0345420837,660,658.799987793
254,75135,Madera,Chawanakee Jt. Elementary,KK-08,1012,52.6399993896,10.4847002029,33.6301002502,140,659.799987793,0.1383399218,6735.775390625,19.2249240875,13.5222501755,1.3833992481,660.799987793,658.799987793
255,70508,Siskiyou,Yreka Union Elementary,KK-08,1212,68.6500015259,18.2971992493,47.1246986389,107,659.9000244141,0.0882838294,5475.1728515625,17.6547698975,12.517999649,2.0627062321,660.4000244141,659.4000244141
256,70599,Sonoma,Alexander Valley Union Elementary,KK-06,119,7,4,33.5999984741,23,660.0500488281,0.1932773143,5990.7944335938,17,18.3260002136,28.5714302063,661.700012207,658.4000244141
257,66415,Nevada,Twin Ridges Elementary,KK-08,590,35.7625007629,7.796599865,30.6779994965,78,660.0999755859,0.1322033852,7203.2465820313,16.4977283478,11.4659996033,0.1694915295,673.0999755859,647.0999755859
258,72173,Tulare,Sundale Union Elementary,KK-08,546,27.6000003815,13.9194002151,54.7619018555,60,660.1999511719,0.1098901108,4777.7690429688,19.7826080322,10.0979995728,13.7362642288,659.799987793,660.5999755859
259,72207,Tulare,Three Rivers Union Elementary,KK-08,248,11.1199998856,7.4626998901,21.268699646,51,660.299987793,0.2056451589,4302.8349609375,22.3021583557,15.3649997711,0,667.799987793,652.799987793
260,72348,Tuolumne,Columbia Union Elementary,KK-08,461,26,14.4708003998,48.8120994568,150,660.75,0.3253796101,5630.1948242188,17.7307701111,10.3113327026,0.21691975,666.9000244141,654.5999755859
261,65102,Los Angeles,Westside Union Elementary,KK-08,6312,308.6799926758,9.8379001617,22.6930007935,496,660.9499511719,0.0785804838,4708.625,20.4483604431,16.9866256714,3.1210393906,662.0999755859,659.799987793
262,65649,Merced,Ballico-Cressey Elementary,KK-08,285,13.9899997711,7.241399765,66.2069015503,62,661.3499755859,0.2175438553,5629.9614257813,20.3716945648,9.6120004654,47.3684234619,661.0999755859,661.5999755859
263,68973,San Mateo,Millbrae Elementary,KK-08,2325,115.3000030518,2.8817000389,15.6559000015,302,661.450012207,0.1298924685,4890.9868164063,20.1647872925,21.1105003357,22.7096786499,662,660.9000244141
264,69435,Santa Clara,Evergreen Elementary,KK-08,11885,549.8400268555,10.1976995468,30.4416999817,1790,661.5999755859,0.1506100148,4929.3930664063,21.6153774261,16.4733123779,29.1207408905,659.0999755859,664.0999755859
265,70730,Sonoma,Harmony Union Elementary,KK-08,564,27.4300003052,6.8965997696,21.3792991638,46,661.5999755859,0.0815602839,4905.2211914063,20.5614280701,18.3689994812,4.4326243401,672.4000244141,650.799987793
266,63362,Kern,Panama Buena Vista Union Elementary,KK-08,12380,620.3800048828,12.2952003479,31.0188999176,1671,661.8499755859,0.1349757612,5156.8569335938,19.9555110931,16.6541118622,4.8142166138,660.0999755859,663.5999755859
267,68932,San Mateo,Laguna Salada Union Elementary,KK-08,3772,178.0599975586,3.371999979,18.3878002167,529,661.8499755859,0.1402439028,4941.7875976563,21.1838703156,18.5442218781,5.2492046356,665.4000244141,658.299987793
268,72371,Tuolumne,Sonora Elementary,KK-08,895,47.5800018311,17.5531997681,42.4468002319,70,661.8499755859,0.078212291,5408.7817382813,18.8104228973,14.1800003052,1.8994413614,662.700012207,661
269,66910,Placer,Roseville City Elementary,KK-08,5714,277.6700134277,10.5342998505,30.0690994263,489,661.9000244141,0.0855792761,4981.3876953125,20.5783824921,18.0295543671,8.6629333496,664.299987793,659.5
270,71084,Stanislaus,Gratton Elementary,KK-08,105,5.7300000191,0,0,16,661.9000244141,0.1523809582,4877.0864257813,18.3246078491,13.5860004425,10.476190567,662.5,661.299987793
271,64196,Lassen,Susanville Elementary,KK-08,1449,76.9899978638,16.5279006958,42.6008987427,125,661.950012207,0.086266391,5111.7392578125,18.8206272125,12.6400003433,1.2422360182,660.4000244141,663.5
272,69872,Shasta,Bella Vista Elementary,KK-08,510,24.5,20.39220047,45.8824005127,95,662.4000244141,0.1862745136,5201.515625,20.8163261414,11.1029996872,0,663.0999755859,661.700012207
273,71852,Tulare,Columbine Elementary,KK-08,160,8,11.25,56.875,39,662.4000244141,0.243750006,4138.3056640625,20,7.5,9.375,651.4000244141,673.4000244141
274,64626,Los Angeles,Hughes-Elizabeth Lakes Union Elementary,KK-08,433,22,9.3360996246,25.1037006378,50,662.450012207,0.1154734418,5743.5971679688,19.6818180084,15.5059995651,1.3856813908,665.4000244141,659.5
275,69591,Santa Clara,Mountain View Elementary,KK-08,3186,164.3099975586,5.4538998604,44.3907012939,411,662.5,0.1290018857,5702.705078125,19.3901767731,22.8414001465,35.3421211243,663.5,661.5
276,65045,Los Angeles,Sulphur Springs Union Elementary,KK-06,5010,239.3999938965,5.2989001274,27.3544998169,576,662.5500488281,0.1149700582,4802.1528320313,20.927318573,19.8231258392,9.6407184601,661.700012207,663.4000244141
277,70680,Sonoma,Forestville Union Elementary,KK-08,717,35.9500007629,8.8888998032,24.7222003937,100,662.5500488281,0.139470011,5442.1430664063,19.9443664551,16.3470001221,2.2315201759,669.4000244141,655.700012207
278,63750,Kern,Rosedale Union Elementary,KK-08,3548,170.6499938965,3.2599999905,14.8508996964,335,662.6500244141,0.09441939,4522.3754882813,20.7910938263,16.2929992676,0.3664036095,658.299987793,667
279,69948,Shasta,Columbia Elementary,KK-08,868,45.2000007629,16.5898990631,29.8386993408,78,662.700012207,0.0898617506,4965.8081054688,19.2035388947,13.248000145,0.5760368705,662.4000244141,663
280,66795,Placer,Colfax Elementary,KK-08,507,26.6499996185,13.2039003372,37.0873985291,60,662.75,0.1183431968,5358.326171875,19.0243911743,14.0100002289,0,667.0999755859,658.4000244141
281,70425,Siskiyou,Mt. Shasta Union Elementary,KK-08,822,46.6500015259,8.073800087,25.6054992676,105,662.9000244141,0.1277372241,5784.625,17.6205787659,14.1630001068,0.8515815139,668.299987793,657.5
282,70870,Sonoma,Piner-Olivet Union Elementary,KK-06,1792,88.5500030518,3.125,20.9263000488,143,663.3499755859,0.0797991082,5072.7045898438,20.237154007,15.7709999084,5.5245537758,667.4000244141,659.299987793
283,65185,Madera,Bass Lake Joint Elementary,KK-08,1202,62.2999992371,12.0768995285,35.8461990356,190,663.4499511719,0.1580698788,5556.041015625,19.2937393188,14.483332634,0,664.299987793,662.5999755859
284,62745,Humboldt,Cutten Elementary,KK-06,515,27.3500003815,16.1165008545,26.2136001587,58,663.5,0.1126213595,5190.3100585938,18.8299808502,14.2089996338,0,660.200012207,666.799987793
285,61952,El Dorado,Placerville Union Elementary,KK-08,1354,66.5699996948,12.0383996964,36.484500885,263,663.8499755859,0.1942392886,5211.4853515625,20.3394927979,15.1669998169,2.437223196,666.4000244141,661.299987793
286,71035,Sonoma,Wright Elementary,KK-06,1252,65.1100006104,9.4511995316,43.2164993286,113,663.8499755859,0.0902555883,5284.1640625,19.2289962769,12.5842504501,20.7667732239,659.4000244141,668.299987793
287,71522,Tehama,Evergreen Union Elementary,KK-08,823,46,13.8517999649,55.2854995728,127,663.9000244141,0.1543134898,5331.9208984375,17.8913040161,10.5509996414,2.1871204376,657.700012207,670.0999755859
288,70847,Sonoma,Old Adobe Union Elementary,KK-06,2231,114.3000030518,2.9161000252,13.3691997528,258,664,0.1156432107,5599.6079101563,19.5188102722,16.9559993744,13.6261758804,666.200012207,661.799987793
289,71019,Sonoma,Wilmar Union Elementary,KK-06,271,14.1999998093,4.467400074,25.429599762,81,664,0.2988929749,4881.8994140625,19.0845069885,17.7089996338,13.2841329575,668.700012207,659.299987793
290,66761,Placer,Ackerman Elementary,KK-08,309,15.5,4.2070999146,32.6861000061,85,664.1500244141,0.2750809193,4700.4321289063,19.9354839325,16.2719993591,1.9417475462,671.299987793,657
291,69815,Santa Cruz,Santa Cruz City Elementary,KK-06,3005,159.2200012207,8.6190004349,33.8102989197,308,664.1500244141,0.1024958417,5650,18.8732566833,17.900800705,23.0615653992,666.700012207,661.5999755859
292,62679,Humboldt,Arcata Elementary,KK-08,966,47.9599990845,20.9580993652,47.3054008484,114,664.299987793,0.1180124208,5318.2407226563,20.141784668,11.8339996338,0.6211180091,674,654.5999755859
293,67595,San Bernardino,Alta Loma Elementary,KK-08,7710,327.299987793,4.4721999168,15.9299001694,814,664.4000244141,0.1055771708,4709.0541992188,23.5563716888,18.6201992035,3.2555122375,663.4000244141,665.4000244141
294,66837,Placer,Foresthill Union Elementary,KK-08,762,35.5,10.8107995987,30.3731994629,54,664.4499511719,0.0708661452,5143.1904296875,21.4647884369,12.4309997559,0,663.0999755859,665.799987793
295,61929,El Dorado,Mother Lode Union Elementary,KK-08,1708,89,8.4895000458,29.0398006439,206,664.700012207,0.120608896,5133.009765625,19.1910114288,15.1669998169,2.2248244286,665.5,663.9000244141
296,66613,Orange,Ocean View Elementary,KK-08,9850,489.299987793,3.3350000381,30.643699646,1113,664.75,0.1129949242,5081.4555664063,20.1308002472,20.875749588,18.5583763123,663.700012207,665.799987793
297,62596,Glenn,Lake Elementary,KK-08,129,5,9.3023004532,50.3875999451,10,664.9499511719,0.0775193796,4016.4162597656,25.7999992371,10.638999939,6.2015504837,667.5999755859,662.299987793
298,69039,San Mateo,San Mateo-Foster City Elementary,KK-08,10619,565.5100097656,2.5383999348,28.3766002655,1150,664.950012207,0.1082964465,5374.0502929688,18.7777404785,25.0296192169,18.4574813843,665.9000244141,664
299,69195,Santa Barbara,Goleta Union Elementary,KK-06,4521,236.5800018311,3.7051999569,31.0827999115,494,665.0999755859,0.1092678607,5427.548828125,19.1098155975,16.7578010559,32.0725517273,666.799987793,663.4000244141
300,67736,San Bernardino,Helendale Elementary,KK-08,580,29.4400005341,11.8965997696,30.1723995209,114,665.200012207,0.1965517253,5179.64453125,19.7010860443,15.2969999313,3.9655170441,656.200012207,674.200012207
301,70854,Sonoma,Petaluma City Elementary,KK-06,2569,138,5.4864001274,24.7471008301,326,665.3499755859,0.1268976182,5400,18.6159420013,17.3694458008,15.3367071152,669.799987793,660.9000244141
302,69690,Santa Clara,Sunnyvale Elementary,KK-08,6022,286.799987793,6.3949999809,36.0007019043,756,665.6500244141,0.1255396903,5726.146484375,20.9972114563,22.0960006714,27.66522789,663.9000244141,667.4000244141
303,69179,Santa Barbara,College Elementary,KK-08,670,33.5,0.4160999954,13.869600296,47,665.9000244141,0.0701492503,5003.8701171875,20,22.841999054,12.537314415,670.299987793,661.5
304,68197,San Diego,La Mesa-Spring Valley,KK-08,14708,700.9400024414,13.5300998688,45.723400116,1962,665.950012207,0.1333967894,4969.5112304688,20.9832515717,18.3198757172,12.6801748276,664.5,667.4000244141
305,66530,Orange,Huntington Beach City Elementary,KK-08,6601,305,1.1967999935,15.0886001587,706,666,0.1069534943,4747.2958984375,21.6426239014,25.0300006866,6.9080443382,668,664
306,69336,Santa Barbara,Solvang Elementary,KK-08,675,33.7000007629,0,31.8519001007,87,666.0500488281,0.1288888901,4543.3051757813,20.0296726227,21.9570007324,14.9629621506,668.700012207,663.4000244141
307,69849,Santa Cruz,Soquel Elementary,KK-08,2458,124.0699996948,6.0187001228,24.6035003662,193,666.0999755859,0.0785191208,5229.5913085938,19.8113975525,18.7968330383,11.2693252563,666.9000244141,665.299987793
308,62554,Glenn,Capay Joint Union Elementary,KK-08,144,8,4.1666998863,44.4444007874,14,666.1500244141,0.0972222239,4507.3530273438,18,10.638999939,9.7222223282,671.9000244141,660.4000244141
309,70714,Sonoma,Gravenstein Union Elementary,KK-08,573,29.6000003815,6.9930000305,15.2097997665,48,666.1500244141,0.0837696344,5302.6279296875,19.3581085205,17.5079994202,3.3158812523,671,661.299987793
310,66381,Nevada,Pleasant Valley Elementary,KK-08,721,35.7299995422,1.8494000435,18.4941005707,82,666.4499511719,0.1137309298,5545.6103515625,20.1791210175,18.593000412,0.6934812665,668.799987793,664.0999755859
311,63990,Kings,Pioneer Union Elementary,KK-08,992,46.9700012207,3.7297999859,22.8831005096,160,666.5500488281,0.1612903178,4615.9086914063,21.1198635101,11.1160001755,5.1411290169,671.200012207,661.9000244141
312,68361,San Diego,Santee Elementary,KK-08,8432,360.5,6.3923001289,22.9839000702,0,666.5999755859,0,5397.689453125,23.3897361755,14.0976667404,4.9691653252,663.700012207,669.5
313,64113,Lassen,Johnstonville Elementary,KK-08,244,11,15.573800087,40.163898468,15,666.6500244141,0.0614754111,5118.373046875,22.1818180084,12.6400003433,6.9672131538,672.0999755859,661.200012207
314,72553,Ventura,Pleasant Valley Elementary,KK-08,7116,356.8200073242,2.5989999771,13.2762002945,785,666.6500244141,0.1103147864,5008.0708007813,19.9428272247,20.9364280701,7.9960651398,667.5,665.799987793
315,72355,Tuolumne,Curtis Creek Elementary,KK-08,830,46.6599998474,10.4118995667,32.6086997986,95,666.6999511719,0.1144578308,4906.0302734375,17.7882556915,14.1800003052,0.4819277227,662.0999755859,671.299987793
316,70300,Siskiyou,Fort Jones Union Elementary,KK-06,160,10.8800001144,13.3758001328,53.503200531,38,666.8499755859,0.237499997,6870.3461914063,14.7058820724,11.8260002136,2.5,666.9000244141,666.799987793
317,70805,Sonoma,Mark West Union Elementary,KK-06,1588,83.4000015259,6.798500061,20.5809993744,220,666.8499755859,0.138539046,5301.7163085938,19.0407676697,18.670999527,3.8413100243,671.299987793,662.4000244141
318,67967,San Diego,Alpine Union Elementary,KK-08,2272,108.75,4.0493001938,16.0650997162,307,667.1500244141,0.135123238,5182.3657226563,20.891954422,17.3320007324,1.3204225302,667.700012207,666.5999755859
319,70938,Sonoma,Sebastopol Union Elementary,KK-08,1425,71.8300018311,5.0925998688,19.8302001953,65,667.1999511719,0.0456140339,4999.46875,19.8385066986,17.5079994202,4.9122805595,669.799987793,664.5999755859
320,62828,Humboldt,Freshwater Elementary,KK-06,245,12.5500001907,8.9795999527,13.0612001419,30,667.450012207,0.1224489808,6732.06640625,19.5219116211,15.5719995499,0,672.200012207,662.700012207
321,63693,Kern,Norris Elementary,KK-08,1349,65.2125015259,2.0014998913,8.6731004715,259,667.450012207,0.191994071,4612.9897460938,20.6862182617,15.5672502518,0.2223869562,667,667.9000244141
322,72132,Tulare,Springville Union Elementary,KK-08,400,22,13.8009004593,29.8642997742,65,667.5999755859,0.162499994,5478.845703125,18.1818180084,15.751999855,0,669.200012207,666
323,69575,Santa Clara,Moreland Elementary,KK-08,4632,245.1799926758,7.0370001793,23.6420001984,637,668,0.1375215948,5666.7138671875,18.8922424316,20.4699993134,17.8540592194,669.4000244141,666.5999755859
324,63610,Kern,Maple Elementary,KK-08,224,9,5.3571000099,35.2678985596,15,668.0999755859,0.0669642836,4742.5141601563,24.8888893127,9.7089996338,4.4642858505,660.5,675.700012207
325,63941,Kings,Kings River-Hardwick Union Elementary,KK-08,576,31,3.9930999279,28.125,92,668.4000244141,0.1597222239,4907.392578125,18.5806446075,11.1160001755,9.5486116409,665.799987793,671
326,68163,San Diego,Julian Union Elementary,KK-08,451,25,8.6475000381,11.7517004013,75,668.5999755859,0.1662971228,5700.40234375,18.0400009155,16.3209991455,3.9911308289,672.700012207,664.5
327,68007,San Diego,Cardiff Elementary,KK-06,900,50.75,2.1017999649,24.3362998962,145,668.6500244141,0.1611111164,5191.8344726563,17.7339897156,21.966999054,20.6666660309,668.799987793,668.5
328,72108,Tulare,Saucelito Elementary,KK-08,118,5.5,8.3332996368,51.6666984558,10,668.799987793,0.0847457647,4451.2568359375,21.4545459747,8.9340000153,7.6271185875,668.5,669.0999755859
329,67975,San Diego,Bonsall Union Elementary,KK-08,1457,73.1299972534,5.9822998047,42.9640007019,0,668.9000244141,0,5627.5278320313,19.9234256744,19.9969997406,27.4536724091,666.200012207,671.5999755859
330,66480,Orange,Cypress Elementary,KK-06,4734,232.75,2.6078000069,19.3724994659,586,668.950012207,0.123785384,4922.9399414063,20.3394203186,18.8272304535,10.8576259613,665.5,672.4000244141
331,64766,Los Angeles,Lowell Joint Elementary,KK-08,3303,146.5,4.6623997688,16.9542999268,379,669.0999755859,0.1147441715,4969.380859375,22.5460758209,18.1186656952,5.0257339478,666.0999755859,672.0999755859
332,64832,Los Angeles,Newhall Elementary,KK-06,6055,286.9200134277,5.6133999825,30.085100174,540,669.3000488281,0.0891824961,4829.7172851563,21.1034431458,23.6673755646,14.2361688614,668.9000244141,669.700012207
333,65359,Marin,Lagunitas Elementary,KK-08,424,23.2999992371,3.5376999378,15.3302001953,39,669.3000488281,0.0919811353,6716.6928710938,18.1974258423,22.138999939,0.2358490527,680.9000244141,657.700012207
334,69385,Santa Clara,Cambrian Elementary,KK-08,2801,139.3000030518,5.0338997841,23.0988998413,615,669.3499755859,0.2195644379,5205.9418945313,20.1076812744,20.545999527,2.0706889629,673.299987793,665.4000244141
335,71654,Tehama,Richfield Elementary,KK-08,187,9.7600002289,17.5531997681,44.6809005737,37,669.3499755859,0.1978609562,4357.826171875,19.1598358154,9.4849996567,8.5561494827,664.5999755859,674.0999755859
336,62794,Humboldt,Fieldbrook Elementary,KK-08,129,6.5999999046,13.953499794,27.1317996979,17,669.799987793,0.131782949,5195.9189453125,19.5454540253,11.8339996338,0,670.0999755859,669.5
337,68049,San Diego,Dehesa Elementary,KK-06,188,9,6.382999897,36.7020988464,41,669.8499755859,0.2180851102,6002.0717773438,20.8888893127,18.7989997864,4.7872343063,673.200012207,666.5
338,69955,Shasta,Cottonwood Union Elementary,KK-08,1212,65.9000015259,22.1947002411,46.1221008301,116,669.950012207,0.0957095698,5090.587890625,18.3915023804,10.5509996414,3.9603960514,669.200012207,670.700012207
339,63479,Kern,Fruitvale Elementary,KK-08,2596,135.3500061035,3.0046000481,19.5300006866,249,670,0.0959167928,5112.3901367188,19.1799030304,15.5190000534,1.5793528557,669.200012207,670.799987793
340,69708,Santa Clara,Union Elementary,KK-08,4925,253.8959960938,3.8210999966,12.1747999191,753,670.6999511719,0.1528933942,5287.3549804688,19.3977069855,21.6317272186,3.5939085484,672.799987793,668.5999755859
341,66498,Orange,Fountain Valley Elementary,KK-08,6257,288.6300048828,2.1635000706,15.5128002167,930,671.25,0.1486335248,4889.4799804688,21.6782722473,21.0957508087,8.7262268066,671.200012207,671.299987793
342,61879,El Dorado,Gold Oak Union Elementary,KK-08,868,45,4.7234997749,19.0091991425,122,671.299987793,0.1405529976,5118.1303710938,19.2888889313,15.1669998169,0,674.5999755859,668
343,61838,El Dorado,Buckeye Union Elementary,KK-08,3787,186.1000061035,3.2479999065,8.3443002701,934,671.5999755859,0.2466332167,5119.123046875,20.3492736816,19.1170005798,0.2640612721,674.9000244141,668.299987793
344,75085,Placer,Rocklin Unified,KK-08,6423,306.3800048828,2.929899931,14.265999794,855,671.5999755859,0.1331153661,4792.2114257813,20.9641609192,17.6200008392,1.4479215145,671.4000244141,671.799987793
345,61887,El Dorado,Gold Trail Union Elementary,KK-08,678,34.8400001526,2.5074000359,15.9292001724,47,671.6500244141,0.0693215355,5450.103515625,19.4603900909,15.1669998169,0.1474926174,677.5999755859,665.700012207
346,62885,Humboldt,Hydesville Elementary,KK-08,162,8.3999996185,16.9591007233,33.9180984497,23,671.6999511719,0.1419753134,5210.724609375,19.2857151031,10.642999649,0,679.799987793,663.5999755859
347,64998,Los Angeles,Saugus Union Elementary,KK-06,8529,407.700012207,2.1925001144,11.7012996674,834,671.75,0.0977840275,4715.4458007813,20.9197940826,20.7390556335,3.705006361,668.9000244141,674.5999755859
348,66845,Placer,Loomis Union Elementary,KK-08,1862,89.0899963379,2.8296999931,21.0891990662,231,671.9000244141,0.124060154,4632.068359375,20.9002132416,21.5659999847,0.2685284615,673.0999755859,670.700012207
349,66886,Placer,Placer Hills Union Elementary,KK-08,1452,70.5,2.4260001183,10.4141998291,183,671.9000244141,0.1260330528,5028.5615234375,20.5957450867,17.6560001373,0,679.5999755859,664.200012207
350,70672,Sonoma,Dunham Elementary,KK-06,155,8,0.6452000141,12.258099556,32,671.9499511719,0.2064516097,5695.466796875,19.375,17.7089996338,4.5161290169,672.299987793,671.5999755859
351,69021,San Mateo,San Carlos Elementary,KK-08,2536,127.1100006104,2.0327999592,2.0327999592,343,672.049987793,0.1352523714,4504.294921875,19.9512233734,27.8159999847,2.4447948933,676.0999755859,668
352,66399,Nevada,Ready Springs Union Elementary,KK-08,567,30.0799999237,4.8951001167,29.0209999084,103,672.0500488281,0.1816578507,5156.4370117188,18.8497333527,18.593000412,0,673.9000244141,670.200012207
353,65219,Madera,Coarsegold Union Elementary,KK-08,953,52.5999984741,7.9875998497,33.9211997986,135,672.299987793,0.1416579187,5433.5141601563,18.1178703308,14.2629995346,0,668.0999755859,676.5
354,68726,San Luis Obispo,Cayucos Elementary,KK-08,296,15.4300003052,5.5921001434,25.9867992401,42,672.3499755859,0.1418918967,5254.6318359375,19.1834087372,22.7579994202,5.4054055214,674.5999755859,670.0999755859
355,64170,Lassen,Richmond Elementary,KK-08,198,9,2.4509999752,12.7451000214,24,672.450012207,0.1212121248,4593.1967773438,22,12.6400003433,0,672.700012207,672.200012207
356,62109,Fresno,Clay Joint Elementary,KK-08,218,10.1000003815,2.2421998978,25.1121006012,49,672.5500488281,0.2247706354,4320.6787109375,21.5841579437,11.2379999161,6.4220180511,669.4000244141,675.700012207
357,70995,Sonoma,Waugh Elementary,KK-06,734,36,2.0243000984,12.8205003738,117,672.6999511719,0.1594005376,4920.77734375,20.3888893127,16.9559993744,6.5395092964,676.0999755859,669.299987793
358,70979,Sonoma,Two Rock Union Elementary,KK-06,189,11.6000003815,2.0724999905,32.1244010925,50,673.049987793,0.2645502687,6905.869140625,16.2931022644,17.7089996338,14.2857151031,679.0999755859,667
359,68866,San Mateo,Belmont-Redwood Shores Elementary,KK-08,2528,138.3099975586,1.3421000242,2.4456000328,482,673.25,0.1906645596,5729.904296875,18.2777824402,25.6219997406,3.6787974834,675,671.5
360,61978,El Dorado,Rescue Union Elementary,KK-08,2987,154.1699981689,2.0422000885,11.1817998886,290,673.299987793,0.0970873758,4825.2021484375,19.3747158051,18.7259998322,0.502176106,676.0999755859,670.5
361,66779,Placer,Alta-Dutch Flat Union Elementary,KK-08,208,11,9.3896999359,32.8638000488,21,673.549987793,0.1009615362,5388.1704101563,18.9090900421,13.4429998398,0,680.5,666.5999755859
362,68353,San Diego,San Pasqual Union Elementary,KK-08,379,23.1000003815,2.9024000168,22.1636009216,29,673.549987793,0.0765171498,5133.8271484375,16.4069252014,15.1800003052,22.6912937164,670.5,676.5999755859
363,61911,El Dorado,Latrobe Elementary,KK-08,145,9.3000001907,6.2069001198,0,27,673.9000244141,0.1862068921,5346.15625,15.5913972855,19.1170005798,0,670.5,677.299987793
364,66407,Nevada,Union Hill Elementary,KK-08,706,37.7400016785,2.5936999321,23.0548000336,103,674.25,0.1458923519,4789.3090820313,18.7069416046,13.7119998932,0.1416430622,676,672.5
365,70961,Sonoma,Twin Hills Union Elementary,KK-08,878,47.9000015259,1.375,15.75,105,675.4000244141,0.119589977,5329.7822265625,18.3298530579,17.5079994202,2.7334852219,681,669.799987793
366,62976,Humboldt,Pacific Union Elementary,KK-08,594,33.1800003052,12.2688999176,25.378200531,75,675.700012207,0.1262626201,5371.1728515625,17.9023513794,11.8339996338,1.6835017204,683,668.4000244141
367,71696,Trinity,Douglas City Elementary,KK-08,139,7.3499999046,20.8633003235,66.90650177,40,676.1500244141,0.2877697945,5771.3837890625,18.9115657806,13.2729997635,0,680.0999755859,672.200012207
368,66373,Nevada,Pleasant Ridge Union Elementary,KK-08,2089,102.7799987793,2.5185000896,14.0369997025,318,676.549987793,0.1522259414,4993.634765625,20.3249664307,16.3560009003,0.1436093748,673.799987793,679.299987793
369,66852,Placer,Newcastle Elementary,KK-08,326,16.2800006866,4.2944998741,11.0429000854,42,676.5999755859,0.1288343519,4854.0380859375,20.0245685577,18.6259994507,0,673.299987793,679.9000244141
370,72470,Ventura,Mesa Union Elementary,KK-08,516,21.5,0.9689999819,27.7131996155,50,676.8499755859,0.0968992263,4392.6796875,24,23.7329998016,11.0465116501,680.5,673.200012207
371,71787,Trinity,Weaverville Elementary,KK-08,449,25.5,12.7272996902,48.4847984314,50,676.9499511719,0.1113585755,5884.4321289063,17.607843399,12.9340000153,0,672.799987793,681.0999755859
372,70078,Shasta,North Cow Creek Elementary,KK-08,297,15.3500003815,2.3568999767,4.0404000282,70,677.25,0.2356902361,4273.9931640625,19.3485336304,13.9060001373,0,679,675.5
373,66340,Nevada,Nevada City Elementary,KK-08,1579,80.2399978638,5.5556001663,21.7803001404,165,677.950012207,0.1044965163,5146.7841796875,19.6784648895,15.4280004501,0.063331224,678.5,677.4000244141
374,62893,Humboldt,Jacoby Creek Elementary,KK-08,383,20.4500007629,6.0051999092,10.182800293,49,678.0500488281,0.1279373318,5351.5229492188,18.7286052704,15.3809995651,0,682.9000244141,673.200012207
375,70698,Sonoma,Fort Ross Elementary,KK-08,81,5.0999999046,3.6145000458,0,14,678.4000244141,0.1728395075,7667.5717773438,15.882352829,22.5289993286,0,685.299987793,671.5
376,68080,San Diego,Encinitas Union Elementary,KK-06,5259,262.2300109863,2.3959000111,19.0911006927,701,678.799987793,0.1332952976,5281.708984375,20.0549125671,23.806098938,15.0598974228,679,678.5999755859
377,65318,Marin,Dixie Elementary,KK-08,1960,108.9599990845,1.9416999817,3.7302000523,223,679.4000244141,0.1137755066,5368.5029296875,17.9882526398,24.6030006409,1.4795918465,684.0999755859,674.700012207
378,69492,Santa Clara,Lakeside Joint Elementary,KK-06,151,8.8999996185,2.6489999294,8.6092996597,31,679.5,0.2052980065,6429.2573242188,16.966293335,36.1739997864,2.6490066051,676.799987793,682.200012207
379,64600,Los Angeles,Hermosa Beach City Elementary,KK-08,946,49.1699981689,2.1784000397,6.535299778,310,679.6500244141,0.3276955485,5387.458984375,19.2393741608,33.4550018311,1.4799153805,683.0999755859,676.200012207
380,70896,Sonoma,Rincon Valley Union Elementary,KK-06,2707,141.0200042725,5.1395998001,19.2308006287,300,679.75,0.1108237877,5235.7749023438,19.1958580017,20.480222702,4.4698929787,678.700012207,680.799987793
381,66233,Monterey,Washington Union Elementary,KK-08,919,46.8899993896,1.0492999554,0,141,679.8000488281,0.1534276456,4829.896484375,19.5990619659,20.1340007782,0.3264417946,680.200012207,679.4000244141
382,70623,Sonoma,Bennett Valley Union Elementary,KK-06,945,46,4.2399001122,10.6514997482,216,680.0500488281,0.2285714298,5088.7080078125,20.5434780121,19.3465003967,2.5396826267,685.700012207,674.4000244141
383,69500,Santa Clara,Loma Prieta Joint Union Elemen,KK-08,738,39.7019996643,0,0.6775000095,220,680.450012207,0.2981029749,5390.1181640625,18.5884838104,36.1739997864,0.5420054197,684.200012207,676.700012207
384,70789,Sonoma,Kenwood Elementary,KK-06,164,10.5100002289,2.3529000282,12.9412002563,35,681.299987793,0.2134146392,6588.4306640625,15.604186058,22.8633346558,11.5853662491,682.799987793,679.799987793
385,70797,Sonoma,Liberty Elementary,KK-06,167,10.9200000763,0.5207999945,11.4582996368,29,681.299987793,0.1736526936,6196.6948242188,15.2930402756,17.7089996338,11.3772449493,680.799987793,681.799987793
386,71142,Stanislaus,Knights Ferry Elementary,KK-08,125,7.0799999237,4,14.3999996185,25,681.5999755859,0.200000003,4645.4130859375,17.6553668976,14.1770000458,0,688.5,674.700012207
387,65334,Marin,Kentfield Elementary,KK-08,1091,62.0600013733,0.5367000103,0.5367000103,113,681.9000244141,0.1035747007,6489.9287109375,17.5797615051,41.0929985046,1.3748854399,689.799987793,674
388,69104,Santa Barbara,Ballard Elementary,KK-06,134,6,0.7462999821,3.7313001156,27,682.1500244141,0.2014925331,5094.958984375,22.3333339691,21.9570007324,2.2388060093,681.799987793,682.5
389,70839,Sonoma,Oak Grove Union Elementary,KK-08,600,32,2.6940999031,29.3185005188,55,682.450012207,0.0916666687,4841.9584960938,18.75,16.063999176,5.3333334923,680,684.9000244141
390,75002,Marin,Ross Valley Elementary,KK-08,1803,99.5999984741,1.924200058,3.621999979,283,682.549987793,0.1569606215,6315.3125,18.1024093628,25.7369995117,2.7731559277,685.5999755859,679.5
391,69773,Santa Cruz,Mountain Elementary,KK-06,158,7.8000001907,13.75,16.25,15,682.6500244141,0.0949367061,5399.3833007813,20.2564105988,20.4740009308,0,687.299987793,678
392,68882,San Mateo,Burlingame Elementary,KK-08,2392,127.2200012207,1.421399951,6.2708997726,439,683.3499755859,0.1835284233,5429.4736328125,18.8020744324,35.8100013733,17.7257518768,682.4000244141,684.299987793
393,70003,Shasta,Grant Elementary,KK-08,526,28.0200004578,3.992399931,11.4068002701,33,683.4000244141,0.0627376437,5644.2861328125,18.7723045349,13.5670003891,0,684.5,682.299987793
394,69757,Santa Cruz,Happy Valley Elementary,KK-06,141,6.9099998474,10.0719003677,9.3524999619,44,684.3000488281,0.3120567501,6060.2568359375,20.405210495,20.0890007019,0,680.4000244141,688.200012207
395,69732,Santa Cruz,Bonny Doon Union Elementary,KK-06,235,12.6000003815,4.6609997749,5.932199955,30,684.3499755859,0.1276595742,5319.5537109375,18.6507930756,18.283000946,0.425531894,688.5,680.200012207
396,61812,Contra Costa,Walnut Creek Elementary,KK-08,3280,158.3999938965,2.752300024,7.8593001366,406,684.8000488281,0.123780489,4819.9038085938,20.7070713043,25.2397155762,6.0670733452,682.200012207,687.4000244141
397,69211,Santa Barbara,Hope Elementary,KK-06,1254,57,1.5822999477,12.5,0,684.950012207,0,5208.2260742188,22,25.0629997253,10.1275911331,686.200012207,683.700012207
398,65367,Marin,Larkspur Elementary,KK-08,948,53.5600013733,1.793200016,1.8986999989,155,686.0500488281,0.163502112,5859.96484375,17.6997756958,30.6284999847,3.3755273819,692.200012207,679.9000244141
399,69419,Santa Clara,Cupertino Union Elementary,KK-08,15228,708.8300170898,1.7153999805,4.6908998489,2232,686.6999511719,0.1465720981,4962.7368164063,21.4832897186,27.4752159119,8.6485424042,683.0999755859,690.299987793
400,69781,Santa Cruz,Pacific Elementary,KK-06,81,4.8499999046,13.2530002594,20.4818992615,21,687.549987793,0.2592592537,7614.3793945313,16.7010307312,30.8400001526,12.3456792831,693.799987793,681.299987793
401,69526,Santa Clara,Los Gatos Union Elementary,KK-08,2768,141.3999938965,0.4481000006,2.7920999527,540,689.0999755859,0.1950867027,5566.4677734375,19.5756721497,34.1595001221,1.5895953178,691.5999755859,686.5999755859
402,69252,Santa Barbara,Montecito Union Elementary,KK-06,535,31,0.0799999982,0.7200000286,84,691.049987793,0.1570093483,7039.94921875,17.25806427,43.2299995422,1.4953271151,693.5,688.5999755859
403,68387,San Diego,Solana Beach Elementary,KK-06,2542,146.3000030518,0.8260999918,9.6773996353,404,691.3499755859,0.1589299738,6604.0639648438,17.3752555847,27.9477500916,10.3855228424,687.700012207,695
404,68965,San Mateo,Menlo Park City Elementary,KK-08,1940,111.8199996948,0.4124000072,3.9175000191,265,691.9000244141,0.1365979314,6180.1489257813,17.3493118286,49.938999176,6.1340203285,693.700012207,690.0999755859
405,65425,Marin,Reed Union Elementary,KK-08,1059,65.1200027466,0.8499000072,1.4163999557,272,693.950012207,0.2568460703,6460.6572265625,16.2622852325,55.327999115,2.2662889957,695.9000244141,692
406,65391,Marin,Mill Valley Elementary,KK-08,2340,132.1999969482,1.5812000036,2.4358999729,403,694.25,0.1722222269,6415.3549804688,17.7004547119,35.4809989929,2.4786324501,693.5999755859,694.9000244141
407,61713,Contra Costa,Lafayette Elementary,KK-08,3469,172.3399963379,0,0.1733999997,496,694.8000488281,0.1429806799,5230.876953125,20.1288146973,34.3009986877,0.8936292529,697.9000244141,691.700012207
408,68056,San Diego,Del Mar Union Elementary,KK-06,2106,115.3000030518,1.7094000578,2.6115999222,300,695.1999511719,0.1424501389,5838.171875,18.2653942108,38.6285705566,2.421652317,695.0999755859,695.299987793
409,69088,San Mateo,Woodside Elementary,KK-08,478,32.8699989319,0,0,112,695.299987793,0.2343096286,7711.5068359375,14.5421361923,35.341999054,3.7656903267,701.299987793,689.299987793
410,61747,Contra Costa,Moraga Elementary,KK-08,1885,98.4199981689,0.0505999997,0.3032999933,241,696.5500488281,0.1278514564,5592.7651367188,19.1526107788,31.0520000458,1.9628647566,697.4000244141,695.700012207
411,61770,Contra Costa,Orinda Union Elementary,KK-08,2422,139.4700012207,0,0.1238999963,466,698.1999511719,0.1924029738,5933.154296875,17.3657417297,40.263999939,0.5780346394,699.0999755859,697.299987793
412,68908,San Mateo,Hillsborough City Elementary,KK-08,1318,87.0599975586,0.1517000049,0,412,698.25,0.312594831,7593.4057617188,15.1389846802,35.8100013733,2.8072838783,695.4000244141,701.0999755859
413,69161,Santa Barbara,Cold Spring Elementary,KK-06,220,12.3299999237,0.4544999897,0,22,698.4499511719,0.1000000015,6500.4497070313,17.8426609039,43.2299995422,1.3636363745,693.299987793,703.5999755859
414,68981,San Mateo,Portola Valley Elementary,KK-08,687,44.5900001526,0.3048999906,0,209,699.0999755859,0.3042212427,7217.2631835938,15.4070415497,50.6769981384,1.1644833088,698.299987793,699.9000244141
415,69682,Santa Clara,Saratoga Union Elementary,KK-08,2341,124.0899963379,0.1709000021,0.59799999,286,700.3000488281,0.1221700162,5392.638671875,18.8653392792,40.4020004272,2.0504057407,698.9000244141,701.700012207
416,68957,San Mateo,Las Lomitas Elementary,KK-08,984,59.7299995422,0.1015999988,3.5569000244,195,704.3000488281,0.1981707364,7290.3388671875,16.4741344452,28.716999054,5.9959349632,700.9000244141,707.700012207
417,69518,Santa Clara,Los Altos Elementary,KK-08,3724,208.4799957275,1.0741000175,1.5038000345,721,706.75,0.1936090291,5741.462890625,17.8626251221,41.7341079712,4.7261009216,704,709.5
418,72611,Ventura,Somis Union Elementary,KK-08,441,20.1499996185,3.5634999275,37.1938018799,45,645,0.1020408198,4402.8315429688,21.8858566284,23.7329998016,24.2630386353,648.299987793,641.700012207
419,72744,Yuba,Plumas Elementary,KK-08,101,5,11.8811998367,59.4058990479,14,672.200012207,0.1386138648,4776.3364257813,20.2000007629,9.9519996643,2.9702970982,667.9000244141,676.5
420,72751,Yuba,Wheatland Elementary,KK-08,1778,93.4000015259,6.923500061,47.5712013245,313,655.75,0.1760405004,5993.392578125,19.0364017487,12.501999855,5.0056242943,660.5,651
